"Time (s)","Latitude (°)","Longitude (°)","Altitude (m)","Altitude WGS84 (m)","Speed (m/s)","Direction (°)","Distance (km)","Horizontal Accuracy (m)","Vertical Accuracy (m)","Satellites"
3.088945730E-1,1.932478960E1,-9.918013870E1,2.287553842E3,2.279700195E3,NaN,NaN,0.000000000E0,2.031200027E1,1.503918767E0,-1.000000000E0
1.973619615E0,1.932478960E1,-9.918013870E1,2.287553842E3,2.279700195E3,NaN,NaN,1.861829896E-2,3.196000099E1,3.833518982E0,-1.000000000E0
1.043589457E1,1.932477833E1,-9.917996167E1,2.329853322E3,2.322000000E3,0.000000000E0,0.000000000E0,2.074937874E-2,8.450000000E1,1.816000061E2,7.000000000E0
1.143589457E1,1.932478167E1,-9.917998167E1,2.327653354E3,2.319800000E3,0.000000000E0,0.000000000E0,2.100419137E-2,8.199999809E0,1.706999969E2,8.000000000E0
1.243589457E1,1.932478000E1,-9.917998000E1,2.319253354E3,2.311400000E3,0.000000000E0,0.000000000E0,2.285744014E-2,7.900000095E0,1.661000061E2,8.000000000E0
1.343589457E1,1.932479667E1,-9.917998000E1,2.315553316E3,2.307700000E3,0.000000000E0,0.000000000E0,3.861438170E-2,7.800000191E0,1.653000031E2,8.000000000E0
1.443589457E1,1.932480333E1,-9.917983000E1,2.313153004E3,2.305300000E3,0.000000000E0,0.000000000E0,5.455571248E-2,7.599999905E0,1.643000031E2,8.000000000E0
1.543589457E1,1.932479500E1,-9.917998167E1,2.310653324E3,2.302800000E3,1.919913888E-1,6.651999664E1,5.537538412E-2,7.400000095E0,1.616000061E2,9.000000000E0
1.643589457E1,1.932480167E1,-9.917998500E1,2.310453315E3,2.302600000E3,0.000000000E0,6.651999664E1,5.588500934E-2,7.400000095E0,1.598000031E2,9.000000000E0
1.743589457E1,1.932480500E1,-9.917998167E1,2.310053301E3,2.302200000E3,0.000000000E0,6.651999664E1,5.722952836E-2,7.500000000E0,1.588999939E2,9.000000000E0
1.843589457E1,1.932481000E1,-9.917997000E1,2.306553267E3,2.298700000E3,0.000000000E0,6.651999664E1,5.773915357E-2,7.000000000E0,1.178000031E2,1.000000000E1
1.943589457E1,1.932481333E1,-9.917997333E1,2.305153266E3,2.297300000E3,3.119216561E-1,1.049800034E2,7.462992254E-2,6.900000095E0,1.136999969E2,9.000000000E0
2.043589457E1,1.932483000E1,-9.917981333E1,2.304852911E3,2.297000000E3,3.072891533E-1,1.294499969E2,7.488473513E-2,6.699999809E0,1.031999969E2,8.000000000E0
2.143589457E1,1.932482833E1,-9.917981167E1,2.304652912E3,2.296800000E3,0.000000000E0,1.294499969E2,7.564638408E-2,6.599999905E0,1.028000031E2,7.000000000E0
2.243589457E1,1.932482167E1,-9.917981000E1,2.303852923E3,2.296000000E3,2.661114037E-1,1.331100006E2,7.945462880E-2,6.500000000E0,1.025000000E2,7.000000000E0
2.343589457E1,1.932485500E1,-9.917980167E1,2.299652831E3,2.291800000E3,3.078038990E-1,1.163499985E2,8.024628998E-2,5.900000095E0,8.600000000E1,1.000000000E1
2.535589457E1,1.932485167E1,-9.917979500E1,2.299252826E3,2.291400000E3,0.000000000E0,1.163499985E2,8.119601872E-2,5.599999905E0,7.950000000E1,1.200000000E1
2.635589457E1,1.932484833E1,-9.917978667E1,2.299652817E3,2.291800000E3,5.219283104E-1,1.171200027E2,8.234237313E-2,5.300000191E0,7.619999695E1,1.100000000E1
2.735589457E1,1.932485500E1,-9.917977833E1,2.300552785E3,2.292700000E3,0.000000000E0,1.171200027E2,8.402047250E-2,5.099999905E0,6.569999695E1,1.500000000E1
2.835589457E1,1.932486333E1,-9.917976500E1,2.298052740E3,2.290200000E3,1.178199172E0,5.718999863E1,8.491403499E-2,4.800000191E0,4.790000153E1,1.800000000E1
2.935589457E1,1.932486833E1,-9.917975833E1,2.298252715E3,2.290400000E3,0.000000000E0,5.718999863E1,8.770002527E-2,4.699999809E0,4.579999924E1,1.800000000E1
3.035589457E1,1.932484667E1,-9.917974500E1,2.309652738E3,2.301800000E3,0.000000000E0,5.718999863E1,8.999273411E-2,4.500000000E0,4.040000153E1,1.700000000E1
3.135589457E1,1.932483333E1,-9.917972833E1,2.315952735E3,2.308100000E3,6.454616785E-1,6.375999832E1,9.197188727E-2,4.400000095E0,3.829999924E1,1.800000000E1
3.235589457E1,1.932482500E1,-9.917971167E1,2.318652721E3,2.310800000E3,7.108314037E-1,6.737999725E1,9.364040443E-2,4.300000191E0,3.779999924E1,1.900000000E1
3.335589457E1,1.932481333E1,-9.917970167E1,2.321252728E3,2.313400000E3,0.000000000E0,6.737999725E1,9.514589223E-2,4.199999809E0,3.690000153E1,1.800000000E1
3.435589457E1,1.932481833E1,-9.917968833E1,2.319752690E3,2.311900000E3,8.498063684E-1,6.040999985E1,9.565551743E-2,4.199999809E0,3.620000076E1,1.700000000E1
3.535589457E1,1.932482167E1,-9.917968500E1,2.318252676E3,2.310400000E3,8.930430412E-1,5.193000031E1,9.641995522E-2,4.099999905E0,3.570000076E1,1.400000000E1
3.635589457E1,1.932482667E1,-9.917968000E1,2.317552655E3,2.309700000E3,0.000000000E0,5.193000031E1,9.792544292E-2,4.099999905E0,3.600000000E1,1.700000000E1
3.735589457E1,1.932483167E1,-9.917966667E1,2.316252617E3,2.308400000E3,9.259852767E-1,6.179000092E1,9.843506810E-2,4.000000000E0,3.479999924E1,1.600000000E1
3.835589457E1,1.932483500E1,-9.917966333E1,2.314152603E3,2.306300000E3,8.657627702E-1,4.745000076E1,1.001121353E-1,3.700000048E0,2.950000000E1,1.800000000E1
3.935589457E1,1.932485000E1,-9.917966167E1,2.308852566E3,2.301000000E3,0.000000000E0,4.745000076E1,1.019472161E-1,3.200000048E0,2.729999924E1,1.900000000E1
4.035589457E1,1.932484500E1,-9.917967833E1,2.305752610E3,2.297900000E3,7.870102525E-1,4.306000137E1,1.025300471E-1,2.799999952E0,2.520000076E1,1.900000000E1
4.135589457E1,1.932484000E1,-9.917968000E1,2.303852625E3,2.296000000E3,7.098019719E-1,1.324400024E2,1.041838470E-1,2.700000048E0,2.270000076E1,2.000000000E1
4.235589457E1,1.932485000E1,-9.917966833E1,2.301652579E3,2.293800000E3,6.624475121E-1,7.690000153E1,1.052486897E-1,2.500000000E0,1.829999924E1,2.000000000E1
4.335589457E1,1.932485833E1,-9.917966333E1,2.300252550E3,2.292400000E3,6.094310880E-1,8.831999969E1,1.059723550E-1,2.400000095E0,1.820000076E1,2.100000000E1
4.435589457E1,1.932485667E1,-9.917965667E1,2.300052541E3,2.292200000E3,0.000000000E0,8.831999969E1,1.070085553E-1,2.400000095E0,1.810000038E1,2.100000000E1
4.535589457E1,1.932486167E1,-9.917964833E1,2.299852513E3,2.292000000E3,6.032544374E-1,8.541999817E1,1.080740947E-1,2.400000095E0,1.789999962E1,2.100000000E1
4.635589457E1,1.932486333E1,-9.917963833E1,2.298852489E3,2.291000000E3,6.315641403E-1,7.726999664E1,1.103943534E-1,2.299999952E0,1.779999924E1,2.200000000E1
4.735589457E1,1.932487500E1,-9.917962000E1,2.297052427E3,2.289200000E3,6.434027553E-1,7.027999878E1,1.125718136E-1,2.200000048E0,1.700000000E1,2.200000000E1
4.835589457E1,1.932488667E1,-9.917960333E1,2.295452367E3,2.287600000E3,6.866394281E-1,7.779000092E1,1.136373528E-1,2.099999905E0,1.670000076E1,2.200000000E1
4.935589457E1,1.932488833E1,-9.917959333E1,2.294652344E3,2.286800000E3,7.242141962E-1,7.633000183E1,1.149818713E-1,2.099999905E0,1.720000076E1,2.200000000E1
5.035589457E1,1.932489333E1,-9.917958167E1,2.293752309E3,2.285900000E3,7.602447271E-1,6.199000168E1,1.162666099E-1,2.099999905E0,1.779999924E1,2.200000000E1
5.135589457E1,1.932490000E1,-9.917957167E1,2.292652274E3,2.284800000E3,8.029666543E-1,5.070999908E1,1.174129641E-1,2.099999905E0,1.870000076E1,2.300000000E1
5.235589457E1,1.932490667E1,-9.917956333E1,2.291652243E3,2.283800000E3,7.962752581E-1,1.939999962E1,1.182046251E-1,2.099999905E0,1.900000000E1,2.300000000E1
5.335589457E1,1.932491000E1,-9.917955667E1,2.290852222E3,2.283000000E3,7.813483477E-1,2.528000069E1,1.190984641E-1,2.099999905E0,1.950000000E1,2.300000000E1
5.435589457E1,1.932491167E1,-9.917954833E1,2.289952202E3,2.282100000E3,7.458325028E-1,5.343000031E1,1.200481926E-1,2.099999905E0,2.029999924E1,2.300000000E1
5.535589457E1,1.932490833E1,-9.917954000E1,2.289052193E3,2.281200000E3,6.943602562E-1,8.644999695E1,1.207718577E-1,2.000000000E0,2.089999962E1,2.300000000E1
5.635589457E1,1.932490667E1,-9.917953333E1,2.288952183E3,2.281100000E3,6.295052767E-1,1.061399994E2,1.219182118E-1,2.000000000E0,2.160000038E1,2.300000000E1
5.735589457E1,1.932490000E1,-9.917952500E1,2.288352182E3,2.280500000E3,5.656797290E-1,1.093300018E2,1.229837510E-1,2.099999905E0,2.179999924E1,2.300000000E1
5.835589457E1,1.932489833E1,-9.917951500E1,2.288152166E3,2.280300000E3,5.208988786E-1,1.011800003E2,1.240492901E-1,2.000000000E0,2.139999962E1,2.300000000E1
5.935589457E1,1.932489667E1,-9.917950500E1,2.288252150E3,2.280400000E3,4.931038916E-1,1.109499969E2,1.249431292E-1,2.000000000E0,2.120000076E1,2.300000000E1
6.035589457E1,1.932489833E1,-9.917949667E1,2.288152130E3,2.280300000E3,4.853830636E-1,1.189899979E2,1.261812597E-1,2.000000000E0,2.060000038E1,2.300000000E1
6.135589457E1,1.932490000E1,-9.917948500E1,2.288252103E3,2.280400000E3,5.054572225E-1,1.257200012E2,1.271309882E-1,2.000000000E0,2.070000076E1,2.400000000E1
6.235589457E1,1.932489667E1,-9.917947667E1,2.288252094E3,2.280400000E3,5.420024991E-1,1.351799927E2,1.276406133E-1,1.899999976E0,1.629999924E1,2.400000000E1
6.335589457E1,1.932489333E1,-9.917947333E1,2.288052095E3,2.280200000E3,5.723711252E-1,2.159700012E2,1.280504491E-1,2.000000000E0,1.639999962E1,2.400000000E1
6.435589457E1,1.932489000E1,-9.917947167E1,2.288552099E3,2.280700000E3,5.754594207E-1,2.087299957E2,1.284602849E-1,2.000000000E0,1.629999924E1,2.400000000E1
6.535589457E1,1.932488667E1,-9.917947333E1,2.288952110E3,2.281100000E3,5.893569589E-1,1.692400055E2,1.292247225E-1,2.000000000E0,1.689999962E1,2.400000000E1
6.635589457E1,1.932488167E1,-9.917946833E1,2.289252111E3,2.281400000E3,5.790625215E-1,1.266399994E2,1.302609228E-1,2.000000000E0,1.700000000E1,2.400000000E1
6.735589457E1,1.932487667E1,-9.917946000E1,2.289552106E3,2.281700000E3,5.687680840E-1,1.229000015E2,1.313737614E-1,2.000000000E0,1.710000038E1,2.400000000E1
6.835589457E1,1.932487333E1,-9.917945000E1,2.290252094E3,2.282400000E3,5.991366506E-1,1.427100067E2,1.332002190E-1,2.099999905E0,1.739999962E1,2.400000000E1
6.935589457E1,1.932486500E1,-9.917943500E1,2.291052083E3,2.283200000E3,6.068574786E-1,1.633099976E2,1.344849578E-1,2.099999905E0,1.810000038E1,2.300000000E1
7.035589457E1,1.932485833E1,-9.917942500E1,2.292052078E3,2.284200000E3,6.001660824E-1,1.917700043E2,1.358848369E-1,2.099999905E0,1.829999924E1,2.200000000E1
7.135589457E1,1.932485000E1,-9.917941500E1,2.292752077E3,2.284900000E3,6.130341887E-1,1.700500031E2,1.377112947E-1,2.099999905E0,1.720000076E1,2.300000000E1
7.235589457E1,1.932484167E1,-9.917940000E1,2.293752066E3,2.285900000E3,6.413438916E-1,1.603999939E2,1.383681389E-1,2.000000000E0,1.729999924E1,2.300000000E1
7.335589457E1,1.932483667E1,-9.917940333E1,2.293552084E3,2.285700000E3,6.655358076E-1,1.738000031E2,1.395338008E-1,2.000000000E0,1.760000038E1,2.300000000E1
7.435589457E1,1.932482667E1,-9.917940667E1,2.293352114E3,2.285500000E3,7.113460898E-1,1.671999969E2,1.408474894E-1,2.000000000E0,1.739999962E1,2.300000000E1
7.535589457E1,1.932481667E1,-9.917940000E1,2.293252123E3,2.285400000E3,7.695097327E-1,1.524600067E2,1.429524929E-1,2.000000000E0,1.739999962E1,2.400000000E1
7.635589457E1,1.932479833E1,-9.917939500E1,2.292852155E3,2.285000000E3,8.719394207E-1,1.391999969E2,1.461962163E-1,2.500000000E0,1.729999924E1,2.400000000E1
7.735589457E1,1.932478667E1,-9.917936667E1,2.292452125E3,2.284600000E3,9.918697476E-1,1.353500061E2,1.473425710E-1,2.299999952E0,1.720000076E1,2.500000000E1
7.835589457E1,1.932478000E1,-9.917935833E1,2.291852123E3,2.284000000E3,1.066504478E0,1.510000000E2,1.496358847E-1,2.200000048E0,1.760000038E1,2.400000000E1
7.935589457E1,1.932476500E1,-9.917934333E1,2.291652128E3,2.283800000E3,1.126212239E0,1.161299973E2,1.500317154E-1,2.000000000E0,1.729999924E1,2.400000000E1
8.035589457E1,1.932476333E1,-9.917934000E1,2.291452125E3,2.283600000E3,1.151948333E0,1.347799988E2,1.505413407E-1,1.899999976E0,1.439999962E1,2.300000000E1
8.135589457E1,1.932476000E1,-9.917933667E1,2.290952126E3,2.283100000E3,1.167904735E0,1.341900024E2,1.518858600E-1,1.899999976E0,1.510000038E1,2.300000000E1
8.235589457E1,1.932475500E1,-9.917932500E1,2.290552114E3,2.282700000E3,1.169963598E0,1.150899963E2,1.524105100E-1,1.799999952E0,1.580000019E1,2.400000000E1
8.335589457E1,1.932475500E1,-9.917932000E1,2.289552104E3,2.281700000E3,1.197758555E0,7.358999634E1,1.529669297E-1,1.899999976E0,1.550000000E1,2.400000000E1
8.435589457E1,1.932475667E1,-9.917931500E1,2.288652090E3,2.280800000E3,1.235848069E0,8.983999634E1,1.545517525E-1,1.899999976E0,1.610000038E1,2.400000000E1
8.535589457E1,1.932475500E1,-9.917930000E1,2.288352065E3,2.280500000E3,1.248201370E0,9.448999786E1,1.563103777E-1,1.899999976E0,1.530000019E1,2.000000000E1
8.635589457E1,1.932475333E1,-9.917928333E1,2.288252035E3,2.280400000E3,1.244598389E0,9.781999969E1,1.571300494E-1,1.899999976E0,1.489999962E1,2.000000000E1
8.735589457E1,1.932476000E1,-9.917928667E1,2.287052027E3,2.279200000E3,1.211141348E0,1.037300034E2,1.580566738E-1,2.000000000E0,1.539999962E1,2.100000000E1
8.835589457E1,1.932476833E1,-9.917928667E1,2.285652008E3,2.277800000E3,1.175110817E0,1.024800034E2,1.585813237E-1,1.899999976E0,1.539999962E1,2.100000000E1
8.935589457E1,1.932476833E1,-9.917928167E1,2.284551998E3,2.276700000E3,1.134962559E0,8.919999695E1,1.620608884E-1,1.899999976E0,1.600000000E1,2.000000000E1
9.035589457E1,1.932475500E1,-9.917925167E1,2.282951969E3,2.275100000E3,1.120550275E0,1.021200027E2,1.636457112E-1,2.500000000E0,1.610000038E1,2.300000000E1
9.135589457E1,1.932475333E1,-9.917923667E1,2.282251943E3,2.274400000E3,1.068563342E0,1.267900009E2,1.654293997E-1,2.200000048E0,1.510000038E1,2.300000000E1
9.235589457E1,1.932476500E1,-9.917924833E1,2.280351940E3,2.272500000E3,1.015546918E0,1.177399979E2,1.665550175E-1,2.099999905E0,1.530000019E1,2.300000000E1
9.335589457E1,1.932477500E1,-9.917924667E1,2.278951914E3,2.271100000E3,9.476035833E-1,1.028899994E2,1.669648533E-1,1.899999976E0,1.539999962E1,2.200000000E1
9.435589457E1,1.932477833E1,-9.917924500E1,2.277851903E3,2.270000000E3,8.492916822E-1,7.011000061E1,1.677292912E-1,1.899999976E0,1.539999962E1,2.200000000E1
9.535589457E1,1.932478333E1,-9.917924000E1,2.277451882E3,2.269600000E3,7.792894244E-1,7.798999786E1,1.682857108E-1,1.799999952E0,1.560000038E1,2.200000000E1
9.635589457E1,1.932478500E1,-9.917923500E1,2.276851868E3,2.269000000E3,7.170080543E-1,8.993000031E1,1.688103607E-1,1.799999952E0,1.610000038E1,2.200000000E1
9.735589457E1,1.932478500E1,-9.917923000E1,2.275951858E3,2.268100000E3,6.732566953E-1,1.036900024E2,1.692201965E-1,1.799999952E0,1.589999962E1,2.200000000E1
9.835589457E1,1.932478833E1,-9.917922833E1,2.275151847E3,2.267300000E3,5.867833495E-1,1.099000015E2,1.696160272E-1,1.799999952E0,1.600000000E1,2.200000000E1
9.935589457E1,1.932479000E1,-9.917922500E1,2.274451837E3,2.266600000E3,5.718563795E-1,6.494000244E1,1.702728715E-1,1.799999952E0,1.610000038E1,2.200000000E1
1.003558946E2,1.932479500E1,-9.917922833E1,2.273251832E3,2.265400000E3,5.466349721E-1,8.156999969E1,1.714338966E-1,2.400000095E0,1.600000000E1,2.200000000E1
1.013558946E2,1.932480333E1,-9.917923500E1,2.272151827E3,2.264300000E3,5.368552804E-1,8.873999786E1,1.724700972E-1,2.200000048E0,1.560000038E1,2.200000000E1
1.023558946E2,1.932479833E1,-9.917922667E1,2.272251821E3,2.264400000E3,5.394288898E-1,5.413000107E1,1.730529282E-1,2.000000000E0,1.580000019E1,2.200000000E1
1.033558946E2,1.932480333E1,-9.917922833E1,2.271851813E3,2.264000000E3,5.579589009E-1,3.234999847E1,1.734026947E-1,1.899999976E0,1.560000038E1,2.200000000E1
1.043558946E2,1.932480333E1,-9.917922500E1,2.272051807E3,2.264200000E3,5.589883327E-1,2.209000015E1,1.735775780E-1,1.799999952E0,1.580000019E1,2.200000000E1
1.053558946E2,1.932480333E1,-9.917922333E1,2.271951803E3,2.264100000E3,5.558999777E-1,3.443000031E1,1.737524613E-1,1.799999952E0,1.589999962E1,2.200000000E1
1.063558946E2,1.932480333E1,-9.917922167E1,2.271851800E3,2.264000000E3,5.600177646E-1,3.053000069E1,1.739273445E-1,1.799999952E0,1.550000000E1,2.200000000E1
1.073558946E2,1.932480333E1,-9.917922000E1,2.271851797E3,2.264000000E3,5.450908542E-1,1.152000046E1,1.743231752E-1,1.700000048E0,1.569999981E1,2.100000000E1
1.083558946E2,1.932480500E1,-9.917921667E1,2.272251786E3,2.264400000E3,5.790625215E-1,9.159999847E0,1.745779878E-1,1.799999952E0,1.580000019E1,2.000000000E1
1.093558946E2,1.932480667E1,-9.917921500E1,2.272751779E3,2.264900000E3,5.703122020E-1,1.259000015E1,1.758074953E-1,1.799999952E0,1.550000000E1,2.100000000E1
1.103558946E2,1.932481667E1,-9.917922000E1,2.273051767E3,2.265200000E3,5.795772076E-1,6.500000000E0,1.760623079E-1,1.799999952E0,1.530000019E1,2.100000000E1
1.113558946E2,1.932481833E1,-9.917921833E1,2.273651760E3,2.265800000E3,6.361966729E-1,4.900000095E-1,1.774059063E-1,1.799999952E0,1.569999981E1,2.000000000E1
1.123558946E2,1.932483000E1,-9.917922167E1,2.274051740E3,2.266200000E3,6.748008132E-1,1.669000053E1,1.787495048E-1,1.799999952E0,1.589999962E1,2.100000000E1
1.133558946E2,1.932484167E1,-9.917922500E1,2.274051720E3,2.266200000E3,6.876688600E-1,3.595499878E2,1.793918742E-1,1.799999952E0,1.610000038E1,2.100000000E1
1.143558946E2,1.932484500E1,-9.917922000E1,2.274451703E3,2.266600000E3,7.556121945E-1,3.940000057E0,1.807008831E-1,1.899999976E0,1.629999924E1,2.000000000E1
1.153558946E2,1.932485667E1,-9.917921833E1,2.274351673E3,2.266500000E3,7.900986075E-1,3.558000183E1,1.816913221E-1,1.899999976E0,1.639999962E1,1.800000000E1
1.163558946E2,1.932486500E1,-9.917921500E1,2.274051647E3,2.266200000E3,8.492916822E-1,9.539999962E0,1.828569840E-1,1.899999976E0,1.889999962E1,1.900000000E1
1.173558946E2,1.932487500E1,-9.917921167E1,2.274251618E3,2.266400000E3,9.280441403E-1,5.389999866E0,1.839218267E-1,2.000000000E0,1.900000000E1,1.800000000E1
1.183558946E2,1.932488333E1,-9.917920667E1,2.274751589E3,2.266900000E3,9.990758300E-1,3.597999878E2,1.854945177E-1,2.000000000E0,2.020000076E1,2.000000000E1
1.193558946E2,1.932489667E1,-9.917921167E1,2.275151569E3,2.267300000E3,1.019150019E0,3.584899902E2,1.864375006E-1,2.000000000E0,2.039999962E1,2.000000000E1
1.203558946E2,1.932490500E1,-9.917921000E1,2.276051547E3,2.268200000E3,9.903255701E-1,3.544700012E2,1.872019382E-1,2.000000000E0,2.160000038E1,2.000000000E1
1.213558946E2,1.932491000E1,-9.917920500E1,2.277251526E3,2.269400000E3,9.311324954E-1,1.703000069E1,1.879663758E-1,1.899999976E0,2.179999924E1,2.000000000E1
1.223558946E2,1.932491500E1,-9.917920000E1,2.277851505E3,2.270000000E3,8.667922020E-1,3.666999817E1,1.883762116E-1,1.899999976E0,2.079999924E1,2.000000000E1
1.233558946E2,1.932491833E1,-9.917919833E1,2.278651494E3,2.270800000E3,8.523799777E-1,1.189300003E2,1.892506273E-1,1.899999976E0,2.100000000E1,2.000000000E1
1.243558946E2,1.932491833E1,-9.917919000E1,2.278951477E3,2.271100000E3,8.163494468E-1,1.104899979E2,1.902003557E-1,1.899999976E0,2.160000038E1,1.900000000E1
1.253558946E2,1.932492167E1,-9.917918167E1,2.279551453E3,2.271700000E3,8.024519682E-1,1.021900024E2,1.916116418E-1,1.899999976E0,1.679999924E1,2.000000000E1
1.263558946E2,1.932492333E1,-9.917916833E1,2.279551423E3,2.271700000E3,7.581858039E-1,8.858000183E1,1.925054808E-1,1.899999976E0,1.650000000E1,1.800000000E1
1.273558946E2,1.932492167E1,-9.917916000E1,2.279451410E3,2.271600000E3,7.123755813E-1,9.286000061E1,1.934552092E-1,2.000000000E0,1.700000000E1,1.800000000E1
1.283558946E2,1.932491833E1,-9.917915167E1,2.279351401E3,2.271500000E3,6.506088972E-1,1.071999969E2,1.944744593E-1,2.099999905E0,1.739999962E1,1.800000000E1
1.293558946E2,1.932491167E1,-9.917914500E1,2.279051403E3,2.271200000E3,6.176666617E-1,1.208899994E2,1.959483202E-1,2.099999905E0,1.789999962E1,1.800000000E1
1.303558946E2,1.932490000E1,-9.917913833E1,2.278751416E3,2.270900000E3,6.392850280E-1,1.431699982E2,1.972573291E-1,2.200000048E0,1.850000000E1,1.700000000E1
1.313558946E2,1.932488833E1,-9.917913667E1,2.278251440E3,2.270400000E3,6.696535945E-1,9.883000183E1,1.984183540E-1,2.299999952E0,1.900000000E1,1.700000000E1
1.323558946E2,1.932488000E1,-9.917913000E1,2.277851445E3,2.270000000E3,7.056841850E-1,8.550000000E1,1.997030927E-1,2.299999952E0,1.939999962E1,1.800000000E1
1.333558946E2,1.932487333E1,-9.917912000E1,2.277351440E3,2.269500000E3,6.943602562E-1,9.816999817E1,2.002859236E-1,2.299999952E0,2.020000076E1,1.900000000E1
1.343558946E2,1.932486833E1,-9.917911833E1,2.277451448E3,2.269600000E3,6.423733234E-1,5.358000183E1,2.017170587E-1,2.400000095E0,2.070000076E1,1.800000000E1
1.353558946E2,1.932486167E1,-9.917910667E1,2.277751440E3,2.269900000E3,6.361966729E-1,1.110400009E2,2.028780836E-1,2.299999952E0,2.420000076E1,2.000000000E1
1.363558946E2,1.932485333E1,-9.917910000E1,2.277651446E3,2.269800000E3,5.703122020E-1,7.862000275E1,2.044507746E-1,2.299999952E0,2.129999924E1,2.000000000E1
1.373558946E2,1.932484000E1,-9.917910500E1,2.277851486E3,2.270000000E3,5.064866543E-1,1.402299957E2,2.052152124E-1,2.200000048E0,2.120000076E1,2.000000000E1
1.383558946E2,1.932483500E1,-9.917910000E1,2.277051488E3,2.269200000E3,5.070014000E-1,1.534400024E2,2.061581954E-1,2.200000048E0,2.100000000E1,2.000000000E1
1.393558946E2,1.932482667E1,-9.917910167E1,2.275551510E3,2.267700000E3,4.725149870E-1,1.029599991E2,2.071486343E-1,2.000000000E0,2.079999924E1,1.900000000E1
1.403558946E2,1.932481833E1,-9.917910500E1,2.275351535E3,2.267500000E3,4.349402785E-1,2.449600067E2,2.083867654E-1,2.000000000E0,2.050000000E1,2.000000000E1
1.413558946E2,1.932482000E1,-9.917911667E1,2.275151555E3,2.267300000E3,0.000000000E0,2.117700043E2,2.092806049E-1,2.000000000E0,1.560000038E1,2.200000000E1
1.423558946E2,1.932482167E1,-9.917912500E1,2.274251567E3,2.266400000E3,0.000000000E0,2.434299927E2,2.103299044E-1,1.899999976E0,1.589999962E1,2.100000000E1
1.433558946E2,1.932482167E1,-9.917913500E1,2.274351587E3,2.266500000E3,3.978802860E-1,2.191699982E2,2.114427434E-1,1.899999976E0,1.620000076E1,2.100000000E1
1.443558946E2,1.932481833E1,-9.917914500E1,2.274951614E3,2.267100000E3,4.508966804E-1,2.441499939E2,2.130260660E-1,1.899999976E0,1.539999962E1,2.100000000E1
1.453558946E2,1.932481167E1,-9.917915833E1,2.275551656E3,2.267700000E3,4.900155663E-1,2.493300018E2,2.147041657E-1,1.899999976E0,1.620000076E1,2.200000000E1
1.463558946E2,1.932480333E1,-9.917917167E1,2.276251701E3,2.268400000E3,5.414877534E-1,2.151799927E2,2.158505203E-1,1.799999952E0,1.679999924E1,2.200000000E1
1.473558946E2,1.932479667E1,-9.917918000E1,2.276751733E3,2.268900000E3,5.795772076E-1,2.200500031E2,2.166701919E-1,1.799999952E0,1.729999924E1,2.200000000E1
1.483558946E2,1.932479000E1,-9.917918333E1,2.277551754E3,2.269700000E3,5.651649833E-1,2.888599854E2,2.173697250E-1,1.799999952E0,1.629999924E1,2.200000000E1
1.493558946E2,1.932479000E1,-9.917919000E1,2.277851768E3,2.270000000E3,6.047986150E-1,2.798900146E2,2.184352649E-1,1.799999952E0,1.670000076E1,2.300000000E1
1.503558946E2,1.932478833E1,-9.917920000E1,2.278251791E3,2.270400000E3,6.547266841E-1,2.630700073E2,2.190776345E-1,1.799999952E0,1.580000019E1,2.300000000E1
1.513558946E2,1.932478500E1,-9.917920500E1,2.278851809E3,2.271000000E3,6.995074749E-1,2.440500031E2,2.197344788E-1,1.700000048E0,1.580000019E1,2.300000000E1
1.523558946E2,1.932478000E1,-9.917920833E1,2.279051827E3,2.271200000E3,7.164933085E-1,2.320099945E2,2.208955039E-1,1.700000048E0,1.600000000E1,2.300000000E1
1.533558946E2,1.932477167E1,-9.917921500E1,2.279351859E3,2.271500000E3,7.478913665E-1,2.168899994E2,2.218036793E-1,1.700000048E0,1.610000038E1,2.300000000E1
1.543558946E2,1.932476500E1,-9.917922000E1,2.279551884E3,2.271700000E3,7.710539103E-1,2.179499969E2,2.228685221E-1,1.600000024E0,1.650000000E1,2.400000000E1
1.553558946E2,1.932475667E1,-9.917922500E1,2.279751912E3,2.271900000E3,7.664213777E-1,1.974299927E2,2.237951465E-1,1.600000024E0,1.629999924E1,2.400000000E1
1.563558946E2,1.932474833E1,-9.917922500E1,2.279551931E3,2.271700000E3,7.777453065E-1,2.050099945E2,2.245567955E-1,1.600000024E0,1.560000038E1,2.400000000E1
1.573558946E2,1.932474167E1,-9.917922667E1,2.278951950E3,2.271100000E3,8.019372225E-1,2.139900055E2,2.251127701E-1,1.600000024E0,1.560000038E1,2.200000000E1
1.583558946E2,1.932473667E1,-9.917922667E1,2.278451961E3,2.270600000E3,8.106874824E-1,1.986499939E2,2.258772081E-1,1.500000000E0,1.530000019E1,2.200000000E1
1.593558946E2,1.932473167E1,-9.917923167E1,2.278151982E3,2.270300000E3,8.343647122E-1,2.156900024E2,2.268201911E-1,1.500000000E0,1.339999962E1,2.300000000E1
1.603558946E2,1.932472333E1,-9.917923333E1,2.278252004E3,2.270400000E3,8.549535871E-1,2.151399994E2,2.275846291E-1,1.600000024E0,1.350000000E1,2.200000000E1
1.613558946E2,1.932471833E1,-9.917923833E1,2.278452025E3,2.270600000E3,8.858369589E-1,2.299700012E2,2.283762908E-1,1.700000048E0,1.410000038E1,2.200000000E1
1.623558946E2,1.932471500E1,-9.917924500E1,2.278152046E3,2.270300000E3,8.688511252E-1,2.238999939E2,2.287861266E-1,1.700000048E0,1.439999962E1,2.100000000E1
1.633558946E2,1.932471167E1,-9.917924667E1,2.277752057E3,2.269900000E3,8.431149721E-1,2.435299988E2,2.291819575E-1,1.700000048E0,1.489999962E1,2.200000000E1
1.643558946E2,1.932471000E1,-9.917925000E1,2.277652067E3,2.269800000E3,8.070844412E-1,2.597000122E2,2.299736192E-1,1.700000048E0,1.560000038E1,2.300000000E1
1.653558946E2,1.932470667E1,-9.917925667E1,2.277552088E3,2.269700000E3,7.700244188E-1,2.429299927E2,2.306972852E-1,1.600000024E0,1.480000019E1,2.300000000E1
1.663558946E2,1.932470500E1,-9.917926333E1,2.277452105E3,2.269600000E3,7.700244188E-1,2.425000000E2,2.315911253E-1,1.600000024E0,1.510000038E1,2.300000000E1
1.673558946E2,1.932470333E1,-9.917927167E1,2.277452125E3,2.269600000E3,7.844366431E-1,2.326699982E2,2.327521506E-1,1.600000024E0,1.580000019E1,2.300000000E1
1.683558946E2,1.932469500E1,-9.917927833E1,2.277652157E3,2.269800000E3,8.096580505E-1,2.151900024E2,2.339396433E-1,1.600000024E0,1.519999981E1,2.300000000E1
1.693558946E2,1.932469000E1,-9.917928833E1,2.277552189E3,2.269700000E3,8.359088898E-1,2.055099945E2,2.348478188E-1,1.700000048E0,1.500000000E1,2.300000000E1
1.703558946E2,1.932468333E1,-9.917929333E1,2.277652213E3,2.269800000E3,8.240702748E-1,1.840000000E2,2.354901887E-1,1.700000048E0,1.519999981E1,2.200000000E1
1.713558946E2,1.932468000E1,-9.917929833E1,2.277452231E3,2.269600000E3,8.019372225E-1,2.049900055E2,2.368337872E-1,1.799999952E0,1.589999962E1,2.100000000E1
1.723558946E2,1.932466833E1,-9.917929500E1,2.277652251E3,2.269800000E3,8.842927814E-1,2.034100037E2,2.378986302E-1,1.799999952E0,1.629999924E1,2.100000000E1
1.733558946E2,1.932466000E1,-9.917929000E1,2.277652260E3,2.269800000E3,9.172350168E-1,1.903600006E2,2.388252546E-1,1.799999952E0,1.560000038E1,2.100000000E1
1.743558946E2,1.932465167E1,-9.917929000E1,2.276952279E3,2.269100000E3,9.476035833E-1,2.002200012E2,2.398156937E-1,1.799999952E0,1.670000076E1,2.200000000E1
1.753558946E2,1.932464333E1,-9.917928667E1,2.276352291E3,2.268500000E3,9.892961383E-1,1.688099976E2,2.408805367E-1,1.799999952E0,1.710000038E1,2.300000000E1
1.763558946E2,1.932463500E1,-9.917928167E1,2.275752300E3,2.267900000E3,1.012458563E0,1.660599976E2,2.418709758E-1,1.799999952E0,1.710000038E1,2.300000000E1
1.773558946E2,1.932462667E1,-9.917927833E1,2.275352312E3,2.267500000E3,9.965022206E-1,1.698300018E2,2.428139588E-1,1.799999952E0,1.760000038E1,2.300000000E1
1.783558946E2,1.932461833E1,-9.917927667E1,2.274752328E3,2.266900000E3,1.000620008E0,1.752500000E2,2.439259081E-1,1.799999952E0,1.750000000E1,2.300000000E1
1.793558946E2,1.932460833E1,-9.917927667E1,2.274052350E3,2.266200000E3,1.006281972E0,1.860399933E2,2.450378574E-1,1.799999952E0,1.800000000E1,2.300000000E1
1.803558946E2,1.932459833E1,-9.917927667E1,2.273552373E3,2.265700000E3,1.045915604E0,1.859700012E2,2.461498066E-1,1.799999952E0,1.850000000E1,2.300000000E1
1.813558946E2,1.932458833E1,-9.917927667E1,2.273152395E3,2.265300000E3,1.076284170E0,1.863200073E2,2.473154687E-1,1.899999976E0,1.860000038E1,2.200000000E1
1.823558946E2,1.932457833E1,-9.917928000E1,2.272752425E3,2.264900000E3,1.023267746E0,1.942100067E2,2.482584518E-1,1.899999976E0,1.950000000E1,2.200000000E1
1.833558946E2,1.932457000E1,-9.917927833E1,2.272252440E3,2.264400000E3,1.041283011E0,1.843699951E2,2.495674607E-1,1.899999976E0,1.979999924E1,2.200000000E1
1.843558946E2,1.932455833E1,-9.917927667E1,2.271952463E3,2.264100000E3,1.087608099E0,1.810399933E2,2.503871326E-1,1.899999976E0,1.970000076E1,2.300000000E1
1.853558946E2,1.932455167E1,-9.917927333E1,2.271652472E3,2.263800000E3,1.047459722E0,1.492200012E2,2.507829637E-1,1.899999976E0,2.010000038E1,2.300000000E1
1.863558946E2,1.932455000E1,-9.917927000E1,2.270952469E3,2.263100000E3,1.011943936E0,1.568999939E2,2.513657948E-1,1.899999976E0,1.900000000E1,2.400000000E1
1.873558946E2,1.932454500E1,-9.917926833E1,2.270752477E3,2.262900000E3,9.898108244E-1,1.644600067E2,2.521274438E-1,1.899999976E0,1.960000038E1,2.400000000E1
1.883558946E2,1.932453833E1,-9.917926667E1,2.270752489E3,2.262900000E3,9.764280319E-1,1.684700012E2,2.528918822E-1,1.899999976E0,1.810000038E1,2.300000000E1
1.893558946E2,1.932453333E1,-9.917926167E1,2.270752490E3,2.262900000E3,9.203233123E-1,1.581499939E2,2.536563207E-1,1.899999976E0,1.820000076E1,2.200000000E1
1.903558946E2,1.932452833E1,-9.917926667E1,2.269952511E3,2.262100000E3,8.724541664E-1,1.742599945E2,2.545498843E-1,1.899999976E0,1.810000038E1,2.300000000E1
1.913558946E2,1.932452333E1,-9.917926000E1,2.269752510E3,2.261900000E3,8.302469254E-1,1.555899963E2,2.558346248E-1,1.899999976E0,1.770000076E1,2.300000000E1
1.923558946E2,1.932451667E1,-9.917925000E1,2.269552505E3,2.261700000E3,8.328205347E-1,1.445200043E2,2.566542967E-1,1.799999952E0,1.700000000E1,2.300000000E1
1.933558946E2,1.932451000E1,-9.917924667E1,2.269352513E3,2.261500000E3,8.117169738E-1,1.426600037E2,2.578417905E-1,1.799999952E0,1.679999924E1,2.200000000E1
1.943558946E2,1.932450500E1,-9.917923667E1,2.269252505E3,2.261400000E3,7.504649758E-1,1.230400009E2,2.590659755E-1,1.899999976E0,1.739999962E1,2.300000000E1
1.953558946E2,1.932450500E1,-9.917922500E1,2.269552482E3,2.261700000E3,7.617889047E-1,1.172799988E2,2.600157060E-1,1.899999976E0,1.350000000E1,2.200000000E1
1.963558946E2,1.932450167E1,-9.917921667E1,2.270452473E3,2.262600000E3,7.623035908E-1,1.196999969E2,2.610812476E-1,1.899999976E0,1.289999962E1,2.100000000E1
1.973558946E2,1.932450000E1,-9.917920667E1,2.271252457E3,2.263400000E3,7.695097327E-1,1.056200027E2,2.619750888E-1,1.899999976E0,1.269999981E1,2.100000000E1
1.983558946E2,1.932449833E1,-9.917919833E1,2.271352444E3,2.263500000E3,7.638477683E-1,8.701999664E1,2.630243904E-1,1.899999976E0,1.310000038E1,2.100000000E1
1.993558946E2,1.932449833E1,-9.917918833E1,2.271552424E3,2.263700000E3,7.839219570E-1,1.029000015E2,2.636667607E-1,1.899999976E0,1.450000000E1,2.200000000E1
2.003558946E2,1.932450167E1,-9.917918333E1,2.271352407E3,2.263500000E3,7.592152953E-1,7.516999817E1,2.652500857E-1,1.899999976E0,1.500000000E1,2.100000000E1
2.013558946E2,1.932450833E1,-9.917917000E1,2.271252365E3,2.263400000E3,7.628183365E-1,5.913999939E1,2.664375795E-1,1.799999952E0,1.560000038E1,2.200000000E1
2.023558946E2,1.932451333E1,-9.917916000E1,2.271452334E3,2.263600000E3,7.561269403E-1,5.500000000E1,2.681962073E-1,1.799999952E0,1.620000076E1,2.100000000E1
2.033558946E2,1.932451500E1,-9.917914333E1,2.272152297E3,2.264300000E3,8.220114112E-1,6.109999847E1,2.699548351E-1,1.799999952E0,1.660000038E1,2.100000000E1
2.043558946E2,1.932451667E1,-9.917912667E1,2.272252261E3,2.264400000E3,8.328205347E-1,8.677999878E1,2.715396602E-1,1.799999952E0,1.569999981E1,2.200000000E1
2.053558946E2,1.932451500E1,-9.917911167E1,2.272752235E3,2.264900000E3,8.729689121E-1,8.244999695E1,2.729509497E-1,1.799999952E0,1.550000000E1,2.400000000E1
2.063558946E2,1.932451333E1,-9.917909833E1,2.273852212E3,2.266000000E3,8.626744151E-1,9.838999939E1,2.735933200E-1,1.799999952E0,1.260000038E1,2.500000000E1
2.073558946E2,1.932451000E1,-9.917909333E1,2.274252210E3,2.266400000E3,8.374530673E-1,9.711000061E1,2.741497405E-1,1.799999952E0,1.319999981E1,2.500000000E1
2.083558946E2,1.932451167E1,-9.917908833E1,2.274752196E3,2.266900000E3,8.039960861E-1,8.275000000E1,2.744045533E-1,1.700000048E0,1.339999962E1,2.500000000E1
2.093558946E2,1.932451333E1,-9.917909000E1,2.275152196E3,2.267300000E3,7.468619347E-1,2.857999992E1,2.747543204E-1,1.600000024E0,1.310000038E1,2.500000000E1
2.103558946E2,1.932451333E1,-9.917909333E1,2.275352202E3,2.267500000E3,7.072283626E-1,3.121999931E1,2.751501517E-1,1.600000024E0,1.310000038E1,2.500000000E1
2.113558946E2,1.932451167E1,-9.917909667E1,2.275352213E3,2.267500000E3,6.392850280E-1,2.657900085E2,2.760437154E-1,1.600000024E0,1.289999962E1,2.400000000E1
2.123558946E2,1.932450667E1,-9.917910333E1,2.275552237E3,2.267700000E3,5.898716450E-1,2.087700043E2,2.771900712E-1,1.600000024E0,1.260000038E1,2.500000000E1
2.133558946E2,1.932450000E1,-9.917911167E1,2.275652269E3,2.267800000E3,4.864124954E-1,2.110500031E2,2.779817337E-1,1.600000024E0,1.319999981E1,2.500000000E1
2.143558946E2,1.932449667E1,-9.917911833E1,2.275752289E3,2.267900000E3,4.508966804E-1,2.363999939E2,2.790179357E-1,1.700000048E0,1.330000019E1,2.300000000E1
2.153558946E2,1.932449167E1,-9.917912667E1,2.276052317E3,2.268200000E3,3.953066766E-1,2.576199951E2,2.799117769E-1,1.700000048E0,1.219999981E1,2.300000000E1
2.163558946E2,1.932449000E1,-9.917913500E1,2.276352337E3,2.268500000E3,3.953066766E-1,2.921199951E2,2.808056181E-1,1.700000048E0,1.210000038E1,2.300000000E1
2.173558946E2,1.932448833E1,-9.917914333E1,2.276552358E3,2.268700000E3,4.086894393E-1,2.971499939E2,2.813620386E-1,1.700000048E0,1.250000000E1,2.400000000E1
2.183558946E2,1.932449000E1,-9.917914833E1,2.276352364E3,2.268500000E3,0.000000000E0,2.755799866E2,2.817326884E-1,1.700000048E0,1.310000038E1,2.500000000E1
2.193558946E2,1.932449333E1,-9.917914833E1,2.276452356E3,2.268600000E3,0.000000000E0,2.715599976E2,2.821285196E-1,1.700000048E0,1.219999981E1,2.500000000E1
2.203558946E2,1.932449167E1,-9.917915167E1,2.276452367E3,2.268600000E3,0.000000000E0,2.581900024E2,2.824782868E-1,1.700000048E0,1.239999962E1,2.500000000E1
2.213558946E2,1.932449167E1,-9.917915500E1,2.276552373E3,2.268700000E3,4.231016636E-1,1.906199951E2,2.830029376E-1,1.600000024E0,1.269999981E1,2.500000000E1
2.223558946E2,1.932449167E1,-9.917916000E1,2.276852383E3,2.269000000E3,4.081747234E-1,3.587999878E2,2.835275884E-1,1.700000048E0,1.219999981E1,2.500000000E1
2.233558946E2,1.932449167E1,-9.917916500E1,2.277352393E3,2.269500000E3,0.000000000E0,2.996000061E2,2.838773556E-1,1.700000048E0,1.150000000E1,2.400000000E1
2.243558946E2,1.932449167E1,-9.917916833E1,2.277652400E3,2.269800000E3,0.000000000E0,3.447300110E2,2.846690182E-1,1.700000048E0,1.160000038E1,2.400000000E1
2.253558946E2,1.932449500E1,-9.917917500E1,2.277952405E3,2.270100000E3,0.000000000E0,5.320000172E0,2.846690182E-1,1.799999952E0,1.169999981E1,2.400000000E1
2.263558946E2,1.932449500E1,-9.917917500E1,2.277952405E3,2.270100000E3,0.000000000E0,5.320000172E0,2.846690182E-1,1.799999952E0,1.100000000E1,2.500000000E1
2.273558946E2,1.932449500E1,-9.917917500E1,2.277952405E3,2.270100000E3,0.000000000E0,5.320000172E0,2.855956426E-1,1.799999952E0,1.080000019E1,2.500000000E1
2.283558946E2,1.932450333E1,-9.917917500E1,2.278052386E3,2.270200000E3,3.242749870E-1,9.620999908E1,2.861052682E-1,1.799999952E0,1.139999962E1,2.400000000E1
2.293558946E2,1.932450667E1,-9.917917833E1,2.278352386E3,2.270500000E3,0.000000000E0,9.533999634E1,2.862801518E-1,1.799999952E0,1.150000000E1,2.300000000E1
2.303558946E2,1.932450667E1,-9.917917667E1,2.278252382E3,2.270400000E3,0.000000000E0,1.089899979E2,2.871883276E-1,1.799999952E0,1.089999962E1,2.100000000E1
2.313558946E2,1.932450000E1,-9.917917167E1,2.278352387E3,2.270500000E3,0.000000000E0,1.234300003E2,2.877447481E-1,1.799999952E0,1.100000000E1,2.100000000E1
2.323558946E2,1.932449833E1,-9.917916667E1,2.277952381E3,2.270100000E3,4.411169589E-1,1.222200012E2,2.886385893E-1,1.799999952E0,1.100000000E1,2.100000000E1
2.333558946E2,1.932449667E1,-9.917915833E1,2.277752369E3,2.269900000E3,4.869272113E-1,9.751999664E1,2.891482150E-1,1.799999952E0,1.139999962E1,2.000000000E1
2.343558946E2,1.932449333E1,-9.917915500E1,2.277552370E3,2.269700000E3,4.910449982E-1,8.738999939E1,2.899398775E-1,1.899999976E0,1.200000000E1,1.800000000E1
2.353558946E2,1.932449000E1,-9.917914833E1,2.277352364E3,2.269500000E3,4.987658262E-1,1.226399994E2,2.910054192E-1,1.899999976E0,1.239999962E1,1.800000000E1
2.363558946E2,1.932449167E1,-9.917913833E1,2.277452340E3,2.269600000E3,5.090602636E-1,9.209999847E1,2.924044880E-1,1.799999952E0,1.250000000E1,1.900000000E1
2.373558946E2,1.932449167E1,-9.917912500E1,2.277452314E3,2.269600000E3,5.461202860E-1,7.030999756E1,2.936426215E-1,1.799999952E0,1.239999962E1,1.900000000E1
2.383558946E2,1.932449333E1,-9.917911333E1,2.277552287E3,2.269700000E3,6.361966729E-1,7.962000275E1,2.952165739E-1,1.700000048E0,1.269999981E1,2.200000000E1
2.393558946E2,1.932449333E1,-9.917909833E1,2.277352257E3,2.269500000E3,7.710539103E-1,8.831999969E1,2.959161083E-1,1.700000048E0,1.339999962E1,2.100000000E1
2.403558946E2,1.932449333E1,-9.917909167E1,2.277152244E3,2.269300000E3,8.225260973E-1,1.200500031E2,2.971036021E-1,1.700000048E0,1.280000019E1,2.200000000E1
2.413558946E2,1.932448833E1,-9.917908167E1,2.277352236E3,2.269500000E3,8.436297178E-1,1.093799973E2,2.978952647E-1,1.799999952E0,1.130000019E1,2.200000000E1
2.423558946E2,1.932448500E1,-9.917907500E1,2.277552230E3,2.269700000E3,8.173788786E-1,1.511300049E2,2.983051006E-1,1.799999952E0,1.110000038E1,2.300000000E1
2.433558946E2,1.932448167E1,-9.917907333E1,2.277252234E3,2.269400000E3,7.828925252E-1,2.031600037E2,2.989619453E-1,1.899999976E0,1.130000019E1,2.300000000E1
2.443558946E2,1.932447667E1,-9.917907000E1,2.277452239E3,2.269600000E3,7.906133533E-1,1.700700073E2,2.997263838E-1,1.799999952E0,1.169999981E1,2.300000000E1
2.453558946E2,1.932447167E1,-9.917906500E1,2.277652240E3,2.269800000E3,7.993636131E-1,1.725099945E2,3.003832285E-1,1.799999952E0,1.200000000E1,2.300000000E1
2.463558946E2,1.932446667E1,-9.917906167E1,2.277652245E3,2.269800000E3,8.003930449E-1,1.648600006E2,3.009392031E-1,1.799999952E0,1.239999962E1,2.300000000E1
2.473558946E2,1.932446167E1,-9.917906167E1,2.277352256E3,2.269500000E3,7.664213777E-1,1.696799927E2,3.019296424E-1,1.899999976E0,1.289999962E1,2.400000000E1
2.483558946E2,1.932445333E1,-9.917905833E1,2.277352269E3,2.269500000E3,6.876688600E-1,1.662799988E2,3.026709419E-1,1.799999952E0,1.310000038E1,2.300000000E1
2.493558946E2,1.932444667E1,-9.917905833E1,2.277652284E3,2.269800000E3,5.872980356E-1,1.607899933E2,3.031955928E-1,1.899999976E0,1.260000038E1,2.300000000E1
2.503558946E2,1.932444667E1,-9.917905333E1,2.277652274E3,2.269800000E3,5.836949944E-1,1.425299988E2,3.039572419E-1,1.899999976E0,1.269999981E1,2.400000000E1
2.513558946E2,1.932444000E1,-9.917905500E1,2.277552292E3,2.269700000E3,5.713416934E-1,1.528200073E2,3.046985414E-1,2.000000000E0,1.250000000E1,2.400000000E1
2.523558946E2,1.932443333E1,-9.917905500E1,2.277752307E3,2.269900000E3,5.785477757E-1,1.533800049E2,3.057347436E-1,1.899999976E0,1.260000038E1,2.400000000E1
2.533558946E2,1.932442833E1,-9.917906333E1,2.278152335E3,2.270300000E3,5.945041776E-1,1.817599945E2,3.072086056E-1,1.899999976E0,1.310000038E1,2.500000000E1
2.543558946E2,1.932441667E1,-9.917907000E1,2.278552375E3,2.270700000E3,6.171519160E-1,1.790599976E2,3.085522042E-1,1.899999976E0,1.310000038E1,2.500000000E1
2.553558946E2,1.932440500E1,-9.917907333E1,2.278852408E3,2.271000000E3,6.459763646E-1,1.835700073E2,3.098958029E-1,1.899999976E0,1.330000019E1,2.400000000E1
2.563558946E2,1.932439333E1,-9.917907000E1,2.279352427E3,2.271500000E3,6.804627776E-1,1.778200073E2,3.117817690E-1,2.000000000E0,1.350000000E1,2.400000000E1
2.573558946E2,1.932437667E1,-9.917906667E1,2.279452459E3,2.271600000E3,7.303908467E-1,1.790800018E2,3.133050672E-1,2.000000000E0,1.280000019E1,2.400000000E1
2.583558946E2,1.932436333E1,-9.917907000E1,2.280352495E3,2.272500000E3,7.900986075E-1,1.693300018E2,3.147876662E-1,2.000000000E0,1.260000038E1,2.300000000E1
2.593558946E2,1.932435000E1,-9.917907000E1,2.281352526E3,2.273500000E3,7.828925252E-1,1.361999969E2,3.159533284E-1,2.000000000E0,1.150000000E1,2.300000000E1
2.603558946E2,1.932434000E1,-9.917906667E1,2.282352542E3,2.274500000E3,7.782599926E-1,1.732599945E2,3.170652777E-1,2.000000000E0,1.169999981E1,2.300000000E1
2.613558946E2,1.932433000E1,-9.917906667E1,2.283352564E3,2.275500000E3,7.942163944E-1,1.691499939E2,3.187332016E-1,2.000000000E0,1.130000019E1,2.200000000E1
2.623558946E2,1.932431500E1,-9.917906667E1,2.284652598E3,2.276800000E3,8.009077907E-1,1.946699982E2,3.193160327E-1,2.000000000E0,1.160000038E1,2.200000000E1
2.633558946E2,1.932431000E1,-9.917906500E1,2.285452606E3,2.277600000E3,7.689949870E-1,1.834499969E2,3.206133069E-1,1.899999976E0,1.180000019E1,2.300000000E1
2.643558946E2,1.932429833E1,-9.917906500E1,2.286052633E3,2.278200000E3,7.623035908E-1,1.748899994E2,3.219223159E-1,1.899999976E0,1.180000019E1,2.300000000E1
2.653558946E2,1.932428667E1,-9.917906333E1,2.286352656E3,2.278500000E3,7.689949870E-1,1.679799957E2,3.230686726E-1,1.799999952E0,1.119999981E1,2.400000000E1
2.663558946E2,1.932428000E1,-9.917905500E1,2.286652654E3,2.278800000E3,7.875249982E-1,1.521100006E2,3.247224756E-1,1.799999952E0,1.089999962E1,2.400000000E1
2.673558946E2,1.932427000E1,-9.917904333E1,2.286952654E3,2.279100000E3,8.214966655E-1,1.360000000E2,3.263058024E-1,1.799999952E0,1.130000019E1,2.300000000E1
2.683558946E2,1.932426333E1,-9.917903000E1,2.287352642E3,2.279500000E3,8.271586299E-1,1.397500000E2,3.280644328E-1,1.799999952E0,1.180000019E1,2.400000000E1
2.693558946E2,1.932426167E1,-9.917901333E1,2.287252613E3,2.279400000E3,8.837780356E-1,1.368300018E2,3.291772752E-1,1.799999952E0,1.110000038E1,2.400000000E1
2.703558946E2,1.932425833E1,-9.917900333E1,2.287552601E3,2.279700000E3,9.182644486E-1,1.322899933E2,3.301965272E-1,1.799999952E0,1.119999981E1,2.400000000E1
2.713558946E2,1.932425167E1,-9.917899667E1,2.287652603E3,2.279800000E3,9.589275122E-1,1.402299957E2,3.317798542E-1,1.799999952E0,1.150000000E1,2.400000000E1
2.723558946E2,1.932424500E1,-9.917898333E1,2.287752592E3,2.279900000E3,1.018635273E0,1.507400055E2,3.328926966E-1,1.700000048E0,1.150000000E1,2.500000000E1
2.733558946E2,1.932424167E1,-9.917897333E1,2.287752579E3,2.279900000E3,1.076798916E0,1.398899994E2,3.342372195E-1,1.700000048E0,1.160000038E1,2.500000000E1
2.743558946E2,1.932423667E1,-9.917896167E1,2.287752567E3,2.279900000E3,1.135477185E0,1.492400055E2,3.352564716E-1,1.700000048E0,1.200000000E1,2.500000000E1
2.753558946E2,1.932423000E1,-9.917895500E1,2.287552569E3,2.279700000E3,1.144227505E0,1.635399933E2,3.362469110E-1,1.799999952E0,1.239999962E1,2.500000000E1
2.763558946E2,1.932422167E1,-9.917895833E1,2.287052595E3,2.279200000E3,1.128785849E0,2.175399933E2,3.372661632E-1,1.799999952E0,1.289999962E1,2.500000000E1
2.773558946E2,1.932421500E1,-9.917896500E1,2.286452623E3,2.278600000E3,1.055180550E0,2.006699982E2,3.384956714E-1,1.700000048E0,1.300000000E1,2.500000000E1
2.783558946E2,1.932420500E1,-9.917897000E1,2.285852656E3,2.278000000E3,1.035106421E0,2.124700012E2,3.398950212E-1,1.799999952E0,1.180000019E1,2.400000000E1
2.793558946E2,1.932419333E1,-9.917897500E1,2.285552692E3,2.277700000E3,1.013488054E0,2.128600006E2,3.417037003E-1,1.799999952E0,1.150000000E1,2.400000000E1
2.803558946E2,1.932417833E1,-9.917898167E1,2.285252739E3,2.277400000E3,1.054151058E0,2.169400024E2,3.435896665E-1,1.899999976E0,1.180000019E1,2.400000000E1
2.813558946E2,1.932416167E1,-9.917898500E1,2.284452783E3,2.276600000E3,1.063930869E0,2.139600067E2,3.450722656E-1,1.899999976E0,1.150000000E1,2.500000000E1
2.823558946E2,1.932414833E1,-9.917898500E1,2.284052814E3,2.276200000E3,1.051062822E0,2.062599945E2,3.465651434E-1,1.899999976E0,1.160000038E1,2.500000000E1
2.833558946E2,1.932413500E1,-9.917898333E1,2.283552840E3,2.275700000E3,9.898108244E-1,2.099499969E2,3.471211180E-1,1.899999976E0,1.180000019E1,2.500000000E1
2.843558946E2,1.932413000E1,-9.917898333E1,2.283252852E3,2.275400000E3,8.925283551E-1,2.385000000E2,3.475309542E-1,1.899999976E0,1.210000038E1,2.200000000E1
2.853558946E2,1.932412667E1,-9.917898167E1,2.283052856E3,2.275200000E3,8.456885815E-1,2.992099915E2,3.477857673E-1,1.899999976E0,1.200000000E1,2.100000000E1
2.863558946E2,1.932412833E1,-9.917898000E1,2.283252849E3,2.275400000E3,9.218674898E-1,4.311000061E1,3.483104192E-1,2.000000000E0,1.219999981E1,2.200000000E1
2.873558946E2,1.932412833E1,-9.917897500E1,2.283152839E3,2.275300000E3,8.914988637E-1,1.928000069E1,3.487202553E-1,2.099999905E0,1.219999981E1,2.200000000E1
2.883558946E2,1.932413167E1,-9.917897333E1,2.283652828E3,2.275800000E3,9.089994431E-1,5.061999893E1,3.492449073E-1,2.099999905E0,1.239999962E1,2.300000000E1
2.893558946E2,1.932413167E1,-9.917896833E1,2.283652818E3,2.275800000E3,8.873811364E-1,2.112000084E1,3.495946753E-1,2.099999905E0,1.289999962E1,2.400000000E1
2.903558946E2,1.932413167E1,-9.917897167E1,2.284052825E3,2.276200000E3,7.406852841E-1,1.102000046E1,3.504882402E-1,2.099999905E0,1.330000019E1,2.500000000E1
2.913558946E2,1.932412667E1,-9.917897833E1,2.284152849E3,2.276300000E3,6.392850280E-1,2.399299927E2,3.513818052E-1,2.099999905E0,1.389999962E1,2.500000000E1
2.923558946E2,1.932412167E1,-9.917898500E1,2.284452874E3,2.276600000E3,5.667091608E-1,2.364900055E2,3.522014774E-1,2.200000048E0,1.460000038E1,2.400000000E1
2.933558946E2,1.932411500E1,-9.917898833E1,2.284652896E3,2.276800000E3,0.000000000E0,2.364900055E2,3.535104864E-1,2.299999952E0,1.539999962E1,2.300000000E1
2.943558946E2,1.932410333E1,-9.917898667E1,2.284752919E3,2.276900000E3,6.156077981E-1,1.797500000E2,3.557412507E-1,2.599999905E0,1.580000019E1,2.300000000E1
2.953558946E2,1.932408333E1,-9.917898833E1,2.284852967E3,2.277000000E3,0.000000000E0,1.797500000E2,3.587116015E-1,2.500000000E0,1.310000038E1,2.200000000E1
2.963558946E2,1.932405667E1,-9.917898667E1,2.284853024E3,2.277000000E3,5.867833495E-1,1.935399933E2,3.604600951E-1,2.500000000E0,1.289999962E1,2.200000000E1
2.973558946E2,1.932404167E1,-9.917899167E1,2.284553068E3,2.276700000E3,0.000000000E0,1.935399933E2,3.623433320E-1,2.500000000E0,1.310000038E1,2.400000000E1
2.983558946E2,1.932402667E1,-9.917900000E1,2.284553118E3,2.276700000E3,0.000000000E0,1.935399933E2,3.647588945E-1,2.500000000E0,1.339999962E1,2.300000000E1
2.993558946E2,1.932400500E1,-9.917899833E1,2.284453164E3,2.276600000E3,0.000000000E0,1.935399933E2,3.675606854E-1,2.500000000E0,1.360000038E1,2.300000000E1
3.003558946E2,1.932398000E1,-9.917900167E1,2.284453227E3,2.276600000E3,6.753155589E-1,2.012799988E2,3.701787035E-1,2.500000000E0,1.410000038E1,2.400000000E1
3.013558946E2,1.932395667E1,-9.917900500E1,2.284153287E3,2.276300000E3,7.309055328E-1,1.964700012E2,3.719271973E-1,2.500000000E0,1.419999981E1,2.400000000E1
3.023558946E2,1.932394167E1,-9.917901000E1,2.283953331E3,2.276100000E3,7.566416860E-1,2.184299927E2,3.732362063E-1,2.500000000E0,1.469999981E1,2.500000000E1
3.033558946E2,1.932393000E1,-9.917901167E1,2.283953360E3,2.276100000E3,0.000000000E0,2.184299927E2,3.745452153E-1,2.500000000E0,1.480000019E1,2.400000000E1
3.043558946E2,1.932391833E1,-9.917901000E1,2.283853383E3,2.276000000E3,0.000000000E0,2.184299927E2,3.752865149E-1,2.500000000E0,1.539999962E1,2.500000000E1
3.053558946E2,1.932391167E1,-9.917901000E1,2.283853398E3,2.276000000E3,0.000000000E0,2.184299927E2,3.762131392E-1,2.599999905E0,1.600000000E1,2.500000000E1
3.063558946E2,1.932390333E1,-9.917901000E1,2.283953417E3,2.276100000E3,0.000000000E0,2.184299927E2,3.772035789E-1,2.599999905E0,1.670000076E1,2.400000000E1
3.073558946E2,1.932389500E1,-9.917900667E1,2.283953430E3,2.276100000E3,0.000000000E0,2.184299927E2,3.779952437E-1,2.700000048E0,1.729999924E1,2.200000000E1
3.083558946E2,1.932389167E1,-9.917900000E1,2.283853424E3,2.276000000E3,0.000000000E0,2.184299927E2,3.782500570E-1,2.799999952E0,1.779999924E1,1.900000000E1
3.093558946E2,1.932389000E1,-9.917899833E1,2.283853424E3,2.276000000E3,0.000000000E0,2.184299927E2,3.785048703E-1,2.900000095E0,1.820000076E1,2.000000000E1
3.103558946E2,1.932388833E1,-9.917899667E1,2.283753425E3,2.275900000E3,0.000000000E0,2.184299927E2,3.792285396E-1,3.000000000E0,1.839999962E1,2.000000000E1
3.113558946E2,1.932388667E1,-9.917900333E1,2.283953442E3,2.276100000E3,0.000000000E0,2.184299927E2,3.829413074E-1,3.099999905E0,1.829999924E1,1.700000000E1
3.123558946E2,1.932390667E1,-9.917903167E1,2.283353453E3,2.275500000E3,0.000000000E0,2.184299927E2,3.839775121E-1,3.000000000E0,1.760000038E1,1.700000000E1
3.133558946E2,1.932391167E1,-9.917904000E1,2.283153458E3,2.275300000E3,0.000000000E0,2.184299927E2,3.843733445E-1,3.099999905E0,1.700000000E1,1.600000000E1
3.143558946E2,1.932391333E1,-9.917904333E1,2.283153461E3,2.275300000E3,0.000000000E0,2.184299927E2,3.843733445E-1,3.200000048E0,1.670000076E1,1.500000000E1
3.153558946E2,1.932391333E1,-9.917904333E1,2.283153461E3,2.275300000E3,0.000000000E0,2.184299927E2,3.848829710E-1,3.299999952E0,1.710000038E1,1.500000000E1
3.163558946E2,1.932391000E1,-9.917904667E1,2.283153475E3,2.275300000E3,0.000000000E0,2.184299927E2,3.848829710E-1,3.400000095E0,1.760000038E1,1.400000000E1
3.173558946E2,1.932391000E1,-9.917904667E1,2.283153475E3,2.275300000E3,0.000000000E0,2.184299927E2,3.859322763E-1,3.500000000E0,1.760000038E1,1.200000000E1
3.183558946E2,1.932391000E1,-9.917903667E1,2.283153455E3,2.275300000E3,0.000000000E0,2.184299927E2,3.870451208E-1,3.400000095E0,1.750000000E1,1.200000000E1
3.193558946E2,1.932390667E1,-9.917902667E1,2.282953443E3,2.275100000E3,0.000000000E0,2.184299927E2,3.879881040E-1,3.400000095E0,1.760000038E1,1.200000000E1
3.203558946E2,1.932389833E1,-9.917902833E1,2.282853465E3,2.275000000E3,0.000000000E0,2.184299927E2,3.893993987E-1,3.400000095E0,1.739999962E1,1.100000000E1
3.213558946E2,1.932390000E1,-9.917901500E1,2.282853435E3,2.275000000E3,0.000000000E0,2.184299927E2,3.910679196E-1,3.500000000E0,1.800000000E1,1.200000000E1
3.223558946E2,1.932388833E1,-9.917902500E1,2.282653481E3,2.274800000E3,0.000000000E0,2.184299927E2,3.923526636E-1,3.400000095E0,1.670000076E1,1.400000000E1
3.233558946E2,1.932388167E1,-9.917903500E1,2.282353516E3,2.274500000E3,0.000000000E0,2.184299927E2,3.927233133E-1,3.500000000E0,1.679999924E1,1.500000000E1
3.243558946E2,1.932387833E1,-9.917903500E1,2.282453523E3,2.274600000E3,0.000000000E0,2.184299927E2,3.936730468E-1,3.500000000E0,1.760000038E1,1.600000000E1
3.253558946E2,1.932388167E1,-9.917904333E1,2.281953532E3,2.274100000E3,0.000000000E0,2.184299927E2,3.947223523E-1,3.400000095E0,1.820000076E1,1.800000000E1
3.263558946E2,1.932388167E1,-9.917903333E1,2.281353513E3,2.273500000E3,0.000000000E0,2.184299927E2,3.958833798E-1,3.299999952E0,1.610000038E1,1.800000000E1
3.273558946E2,1.932387333E1,-9.917904000E1,2.280653545E3,2.272800000E3,0.000000000E0,2.184299927E2,3.973762577E-1,3.200000048E0,1.600000000E1,1.900000000E1
3.283558946E2,1.932386000E1,-9.917904167E1,2.280853578E3,2.273000000E3,0.000000000E0,2.184299927E2,3.987908403E-1,3.000000000E0,1.589999962E1,1.900000000E1
3.293558946E2,1.932385000E1,-9.917903333E1,2.281553584E3,2.273700000E3,0.000000000E0,2.184299927E2,4.000649068E-1,2.900000095E0,1.569999981E1,1.900000000E1
3.303558946E2,1.932384167E1,-9.917902500E1,2.282353587E3,2.274500000E3,0.000000000E0,2.184299927E2,4.017334280E-1,2.799999952E0,1.610000038E1,1.900000000E1
3.313558946E2,1.932383000E1,-9.917903500E1,2.282453633E3,2.274600000E3,0.000000000E0,2.184299927E2,4.028944556E-1,2.799999952E0,1.679999924E1,1.900000000E1
3.323558946E2,1.932382167E1,-9.917902833E1,2.282353638E3,2.274500000E3,0.000000000E0,5.279000092E1,4.028944556E-1,2.799999952E0,1.660000038E1,2.200000000E1
3.333558946E2,1.932382167E1,-9.917902833E1,2.282353638E3,2.274500000E3,0.000000000E0,5.279000092E1,4.028944556E-1,2.700000048E0,1.519999981E1,2.200000000E1
3.343558946E2,1.932382167E1,-9.917902833E1,2.282353638E3,2.274500000E3,0.000000000E0,5.279000092E1,4.028944556E-1,2.700000048E0,1.489999962E1,2.100000000E1
3.353558946E2,1.932382167E1,-9.917902833E1,2.282353638E3,2.274500000E3,0.000000000E0,5.279000092E1,4.028944556E-1,2.599999905E0,1.500000000E1,2.100000000E1
3.363558946E2,1.932382167E1,-9.917902833E1,2.282353638E3,2.274500000E3,0.000000000E0,1.159800034E2,4.028944556E-1,2.599999905E0,1.530000019E1,2.100000000E1
3.373558946E2,1.932382167E1,-9.917902833E1,2.282353638E3,2.274500000E3,0.000000000E0,1.159800034E2,4.088512323E-1,2.500000000E0,1.589999962E1,2.100000000E1
3.383558946E2,1.932377000E1,-9.917901333E1,2.283653726E3,2.275800000E3,2.990536094E-1,1.454700012E2,4.100122601E-1,2.599999905E0,1.650000000E1,2.100000000E1
3.393558946E2,1.932376167E1,-9.917900667E1,2.284853731E3,2.277000000E3,0.000000000E0,1.454700012E2,4.111779227E-1,2.500000000E0,1.550000000E1,2.200000000E1
3.403558946E2,1.932375167E1,-9.917900333E1,2.285453747E3,2.277600000E3,0.000000000E0,1.454700012E2,4.125892187E-1,2.599999905E0,1.560000038E1,2.100000000E1
3.413558946E2,1.932375000E1,-9.917899000E1,2.286853725E3,2.279000000E3,0.000000000E0,1.454700012E2,4.142571426E-1,2.599999905E0,1.629999924E1,2.100000000E1
3.423558946E2,1.932373500E1,-9.917899000E1,2.288353759E3,2.280500000E3,0.000000000E0,1.289900055E2,4.142571426E-1,2.599999905E0,1.600000000E1,2.100000000E1
3.433558946E2,1.932373500E1,-9.917899000E1,2.288353759E3,2.280500000E3,0.000000000E0,1.289900055E2,4.142571426E-1,2.599999905E0,1.629999924E1,2.200000000E1
3.443558946E2,1.932373500E1,-9.917899000E1,2.288353759E3,2.280500000E3,0.000000000E0,1.289900055E2,4.142571426E-1,2.599999905E0,1.600000000E1,2.200000000E1
3.453558946E2,1.932373500E1,-9.917899000E1,2.288353759E3,2.280500000E3,0.000000000E0,1.289900055E2,4.142571426E-1,2.700000048E0,1.610000038E1,2.100000000E1
3.463558946E2,1.932373500E1,-9.917899000E1,2.288353759E3,2.280500000E3,0.000000000E0,1.289900055E2,4.149984421E-1,2.599999905E0,1.629999924E1,1.800000000E1
3.473558946E2,1.932372833E1,-9.917899000E1,2.289653774E3,2.281800000E3,3.464080691E-1,2.619599915E2,4.156979798E-1,2.599999905E0,1.580000019E1,1.800000000E1
3.483558946E2,1.932372833E1,-9.917898333E1,2.290153760E3,2.282300000E3,0.000000000E0,2.595899963E2,4.167635263E-1,2.500000000E0,1.530000019E1,1.900000000E1
3.493558946E2,1.932372667E1,-9.917897333E1,2.289953744E3,2.282100000E3,0.000000000E0,3.269299927E2,4.175279665E-1,2.400000095E0,1.589999962E1,2.100000000E1
3.503558946E2,1.932372167E1,-9.917896833E1,2.289853746E3,2.282000000E3,0.000000000E0,1.880000000E2,4.175279665E-1,2.299999952E0,1.430000019E1,2.000000000E1
3.513558946E2,1.932372167E1,-9.917896833E1,2.289853746E3,2.282000000E3,0.000000000E0,1.880000000E2,4.175279665E-1,2.200000048E0,1.439999962E1,2.100000000E1
3.523558946E2,1.932372167E1,-9.917896833E1,2.289853746E3,2.282000000E3,0.000000000E0,1.880000000E2,4.175279665E-1,2.200000048E0,1.480000019E1,2.200000000E1
3.533558946E2,1.932372167E1,-9.917896833E1,2.289853746E3,2.282000000E3,0.000000000E0,1.880000000E2,4.175279665E-1,2.200000048E0,1.480000019E1,2.100000000E1
3.543558946E2,1.932372167E1,-9.917896833E1,2.289853746E3,2.282000000E3,0.000000000E0,1.880000000E2,4.175279665E-1,2.299999952E0,1.480000019E1,2.000000000E1
3.553558946E2,1.932372167E1,-9.917896833E1,2.289853746E3,2.282000000E3,0.000000000E0,1.880000000E2,4.175279665E-1,2.299999952E0,1.469999981E1,2.000000000E1
3.563558946E2,1.932372167E1,-9.917896833E1,2.289853746E3,2.282000000E3,0.000000000E0,2.412700043E2,4.218983761E-1,2.299999952E0,1.510000038E1,2.000000000E1
3.573558946E2,1.932368500E1,-9.917898333E1,2.291053859E3,2.283200000E3,3.314810991E-1,1.757400055E2,4.228250005E-1,2.400000095E0,1.519999981E1,1.900000000E1
3.583558946E2,1.932367667E1,-9.917898333E1,2.291353877E3,2.283500000E3,0.000000000E0,1.757400055E2,4.231956502E-1,2.400000095E0,1.539999962E1,1.800000000E1
3.593558946E2,1.932367333E1,-9.917898333E1,2.291953885E3,2.284100000E3,0.000000000E0,8.186000061E1,4.233705347E-1,2.400000095E0,1.519999981E1,1.900000000E1
3.603558946E2,1.932367333E1,-9.917898167E1,2.292253882E3,2.284400000E3,0.000000000E0,8.186000061E1,4.240273803E-1,2.400000095E0,1.519999981E1,1.900000000E1
3.613558946E2,1.932366833E1,-9.917898500E1,2.292453900E3,2.284600000E3,0.000000000E0,8.186000061E1,4.240273803E-1,2.400000095E0,1.510000038E1,2.000000000E1
3.623558946E2,1.932366833E1,-9.917898500E1,2.292453900E3,2.284600000E3,0.000000000E0,8.186000061E1,4.240273803E-1,2.400000095E0,1.550000000E1,1.900000000E1
3.633558946E2,1.932366833E1,-9.917898500E1,2.292453900E3,2.284600000E3,0.000000000E0,8.186000061E1,4.240273803E-1,2.400000095E0,1.480000019E1,1.700000000E1
3.643558946E2,1.932366833E1,-9.917898500E1,2.292453900E3,2.284600000E3,0.000000000E0,8.186000061E1,4.240273803E-1,2.400000095E0,1.460000038E1,1.700000000E1
3.653558946E2,1.932366833E1,-9.917898500E1,2.292453900E3,2.284600000E3,0.000000000E0,3.378900146E2,4.240273803E-1,2.400000095E0,1.480000019E1,1.700000000E1
3.663558946E2,1.932366833E1,-9.917898500E1,2.292453900E3,2.284600000E3,0.000000000E0,3.378900146E2,4.240273803E-1,2.299999952E0,1.539999962E1,1.600000000E1
3.673558946E2,1.932366833E1,-9.917898500E1,2.292453900E3,2.284600000E3,0.000000000E0,3.378900146E2,4.240273803E-1,2.400000095E0,1.589999962E1,1.600000000E1
3.683558946E2,1.932366833E1,-9.917898500E1,2.292453900E3,2.284600000E3,0.000000000E0,3.378900146E2,4.240273803E-1,2.400000095E0,1.519999981E1,1.700000000E1
3.693558946E2,1.932366833E1,-9.917898500E1,2.292453900E3,2.284600000E3,0.000000000E0,3.378900146E2,4.240273803E-1,2.299999952E0,1.530000019E1,1.700000000E1
3.703558946E2,1.932366833E1,-9.917898500E1,2.292453900E3,2.284600000E3,0.000000000E0,3.378900146E2,4.240273803E-1,2.299999952E0,1.480000019E1,1.800000000E1
3.713558946E2,1.932366833E1,-9.917898500E1,2.292453900E3,2.284600000E3,0.000000000E0,3.378900146E2,4.240273803E-1,2.299999952E0,1.480000019E1,1.700000000E1
3.723558946E2,1.932366833E1,-9.917898500E1,2.292453900E3,2.284600000E3,0.000000000E0,3.378900146E2,4.240273803E-1,2.299999952E0,1.480000019E1,1.900000000E1
3.733558946E2,1.932366833E1,-9.917898500E1,2.292453900E3,2.284600000E3,0.000000000E0,3.378900146E2,4.240273803E-1,2.200000048E0,1.430000019E1,1.900000000E1
3.743558946E2,1.932366833E1,-9.917898500E1,2.292453900E3,2.284600000E3,0.000000000E0,3.378900146E2,4.240273803E-1,2.200000048E0,1.469999981E1,1.900000000E1
3.753558946E2,1.932366833E1,-9.917898500E1,2.292453900E3,2.284600000E3,0.000000000E0,3.378900146E2,4.240273803E-1,2.200000048E0,1.460000038E1,1.900000000E1
3.763558946E2,1.932366833E1,-9.917898500E1,2.292453900E3,2.284600000E3,0.000000000E0,3.378900146E2,4.240273803E-1,2.299999952E0,1.500000000E1,1.900000000E1
3.773558946E2,1.932366833E1,-9.917898500E1,2.292453900E3,2.284600000E3,0.000000000E0,2.966400146E2,4.240273803E-1,2.299999952E0,1.489999962E1,2.000000000E1
3.783558946E2,1.932366833E1,-9.917898500E1,2.292453900E3,2.284600000E3,0.000000000E0,2.966400146E2,4.240273803E-1,2.299999952E0,1.519999981E1,2.000000000E1
3.793558946E2,1.932366833E1,-9.917898500E1,2.292453900E3,2.284600000E3,0.000000000E0,2.966400146E2,4.240273803E-1,2.400000095E0,1.550000000E1,2.000000000E1
3.803558946E2,1.932366833E1,-9.917898500E1,2.292453900E3,2.284600000E3,0.000000000E0,2.966400146E2,4.240273803E-1,2.400000095E0,1.530000019E1,2.000000000E1
3.813558946E2,1.932366833E1,-9.917898500E1,2.292453900E3,2.284600000E3,0.000000000E0,2.966400146E2,4.240273803E-1,2.500000000E0,1.500000000E1,1.900000000E1
3.823558946E2,1.932366833E1,-9.917898500E1,2.292453900E3,2.284600000E3,0.000000000E0,2.966400146E2,4.240273803E-1,2.500000000E0,1.450000000E1,1.900000000E1
3.833558946E2,1.932366833E1,-9.917898500E1,2.292453900E3,2.284600000E3,0.000000000E0,2.966400146E2,4.240273803E-1,2.500000000E0,1.460000038E1,1.900000000E1
3.843558946E2,1.932366833E1,-9.917898500E1,2.292453900E3,2.284600000E3,0.000000000E0,2.966400146E2,4.240273803E-1,2.500000000E0,1.480000019E1,1.900000000E1
3.853558946E2,1.932366833E1,-9.917898500E1,2.292453900E3,2.284600000E3,0.000000000E0,1.042300034E2,4.240273803E-1,2.500000000E0,1.430000019E1,1.900000000E1
3.863558946E2,1.932366833E1,-9.917898500E1,2.292453900E3,2.284600000E3,0.000000000E0,1.042300034E2,4.240273803E-1,2.400000095E0,1.469999981E1,1.900000000E1
3.873558946E2,1.932366833E1,-9.917898500E1,2.292453900E3,2.284600000E3,0.000000000E0,1.042300034E2,4.240273803E-1,2.500000000E0,1.439999962E1,1.600000000E1
3.883558946E2,1.932366833E1,-9.917898500E1,2.292453900E3,2.284600000E3,0.000000000E0,9.268000031E1,4.240273803E-1,2.500000000E0,1.389999962E1,1.600000000E1
3.893558946E2,1.932366833E1,-9.917898500E1,2.292453900E3,2.284600000E3,0.000000000E0,9.268000031E1,4.270519549E-1,2.500000000E0,1.419999981E1,1.700000000E1
3.903558946E2,1.932367333E1,-9.917901333E1,2.295553944E3,2.287700000E3,0.000000000E0,9.268000031E1,4.284510307E-1,2.599999905E0,1.480000019E1,1.800000000E1
3.913558946E2,1.932367333E1,-9.917902667E1,2.295553971E3,2.287700000E3,0.000000000E0,9.268000031E1,4.288468635E-1,2.599999905E0,1.530000019E1,1.800000000E1
3.923558946E2,1.932367500E1,-9.917903000E1,2.295653974E3,2.287800000E3,0.000000000E0,9.268000031E1,4.296113038E-1,2.700000048E0,1.560000038E1,1.800000000E1
3.933558946E2,1.932367000E1,-9.917903500E1,2.295753995E3,2.287900000E3,0.000000000E0,9.268000031E1,4.296113038E-1,2.799999952E0,1.569999981E1,1.800000000E1
3.943558946E2,1.932367000E1,-9.917903500E1,2.295753995E3,2.287900000E3,0.000000000E0,9.268000031E1,4.345744167E-1,2.799999952E0,1.620000076E1,1.800000000E1
3.953558946E2,1.932363833E1,-9.917906833E1,2.295854132E3,2.288000000E3,0.000000000E0,9.268000031E1,4.359737670E-1,2.900000095E0,1.629999924E1,1.700000000E1
3.963558946E2,1.932362667E1,-9.917907333E1,2.295754169E3,2.287900000E3,0.000000000E0,9.268000031E1,4.366161397E-1,3.000000000E0,1.650000000E1,1.700000000E1
3.973558946E2,1.932363000E1,-9.917906833E1,2.295954151E3,2.288100000E3,0.000000000E0,9.268000031E1,4.382932070E-1,3.000000000E0,1.650000000E1,1.700000000E1
3.983558946E2,1.932364500E1,-9.917906667E1,2.295654114E3,2.287800000E3,0.000000000E0,9.268000031E1,4.408393227E-1,2.799999952E0,1.530000019E1,1.900000000E1
3.993558946E2,1.932366000E1,-9.917904833E1,2.296054044E3,2.288200000E3,0.000000000E0,9.268000031E1,4.416037631E-1,2.700000048E0,1.500000000E1,1.900000000E1
4.003558946E2,1.932366500E1,-9.917904333E1,2.296454023E3,2.288600000E3,0.000000000E0,9.268000031E1,4.432716870E-1,2.700000048E0,1.410000038E1,1.900000000E1
4.013558946E2,1.932368000E1,-9.917904333E1,2.297553989E3,2.289700000E3,7.653919458E-1,5.365999985E1,4.440361273E-1,2.500000000E0,1.330000019E1,1.800000000E1
4.023558946E2,1.932368500E1,-9.917903833E1,2.297853967E3,2.290000000E3,7.566416860E-1,1.899999976E-1,4.454672699E-1,2.500000000E0,1.330000019E1,2.100000000E1
4.033558946E2,1.932369167E1,-9.917902667E1,2.298153929E3,2.290300000E3,0.000000000E0,1.899999976E-1,4.470026125E-1,2.500000000E0,1.380000019E1,2.000000000E1
4.043558946E2,1.932370000E1,-9.917901500E1,2.298653887E3,2.290800000E3,0.000000000E0,1.899999976E-1,4.480388180E-1,2.500000000E0,1.389999962E1,1.900000000E1
4.053558946E2,1.932370500E1,-9.917900667E1,2.298953859E3,2.291100000E3,0.000000000E0,1.899999976E-1,4.494699605E-1,2.500000000E0,1.310000038E1,2.100000000E1
4.063558946E2,1.932371167E1,-9.917899500E1,2.299553821E3,2.291700000E3,0.000000000E0,1.899999976E-1,4.499795873E-1,2.500000000E0,1.269999981E1,2.100000000E1
4.073558946E2,1.932371500E1,-9.917899833E1,2.299253820E3,2.291400000E3,0.000000000E0,1.374199982E2,4.505360102E-1,2.400000095E0,1.289999962E1,2.200000000E1
4.083558946E2,1.932371667E1,-9.917899333E1,2.299053807E3,2.291200000E3,0.000000000E0,8.879000092E1,4.505360102E-1,2.400000095E0,1.300000000E1,2.200000000E1
4.093558946E2,1.932371667E1,-9.917899333E1,2.299053807E3,2.291200000E3,0.000000000E0,8.879000092E1,4.505360102E-1,2.299999952E0,1.360000038E1,2.200000000E1
4.103558946E2,1.932371667E1,-9.917899333E1,2.299053807E3,2.291200000E3,0.000000000E0,8.879000092E1,4.505360102E-1,2.299999952E0,1.339999962E1,2.100000000E1
4.113558946E2,1.932371667E1,-9.917899333E1,2.299053807E3,2.291200000E3,0.000000000E0,2.716499939E2,4.505360102E-1,2.299999952E0,1.389999962E1,2.000000000E1
4.123558946E2,1.932371667E1,-9.917899333E1,2.299053807E3,2.291200000E3,0.000000000E0,2.716499939E2,4.505360102E-1,2.299999952E0,1.380000019E1,1.900000000E1
4.133558946E2,1.932371667E1,-9.917899333E1,2.299053807E3,2.291200000E3,0.000000000E0,2.716499939E2,4.505360102E-1,2.299999952E0,1.460000038E1,2.100000000E1
4.143558946E2,1.932371667E1,-9.917899333E1,2.299053807E3,2.291200000E3,0.000000000E0,2.716499939E2,4.505360102E-1,2.400000095E0,1.330000019E1,2.200000000E1
4.153558946E2,1.932371667E1,-9.917899333E1,2.299053807E3,2.291200000E3,0.000000000E0,2.716499939E2,4.505360102E-1,2.400000095E0,1.310000038E1,2.200000000E1
4.163558946E2,1.932371667E1,-9.917899333E1,2.299053807E3,2.291200000E3,0.000000000E0,2.716499939E2,4.505360102E-1,2.400000095E0,1.310000038E1,2.200000000E1
4.173558946E2,1.932371667E1,-9.917899333E1,2.299053807E3,2.291200000E3,0.000000000E0,2.716499939E2,4.553225449E-1,2.400000095E0,1.310000038E1,2.200000000E1
4.183558946E2,1.932374000E1,-9.917895500E1,2.300853678E3,2.293000000E3,3.052302897E-1,2.591600037E2,4.560220825E-1,2.400000095E0,1.300000000E1,2.100000000E1
4.193558946E2,1.932374000E1,-9.917896167E1,2.300953691E3,2.293100000E3,0.000000000E0,2.457500000E2,4.566644548E-1,2.400000095E0,1.339999962E1,2.100000000E1
4.203558946E2,1.932374333E1,-9.917896667E1,2.301353694E3,2.293500000E3,0.000000000E0,2.160800018E2,4.570142236E-1,2.400000095E0,1.339999962E1,2.100000000E1
4.213558946E2,1.932374333E1,-9.917897000E1,2.301553700E3,2.293700000E3,0.000000000E0,2.091199951E2,4.570142236E-1,2.400000095E0,1.350000000E1,2.100000000E1
4.223558946E2,1.932374333E1,-9.917897000E1,2.301553700E3,2.293700000E3,0.000000000E0,2.091199951E2,4.570142236E-1,2.400000095E0,1.310000038E1,2.000000000E1
4.233558946E2,1.932374333E1,-9.917897000E1,2.301553700E3,2.293700000E3,0.000000000E0,2.091199951E2,4.570142236E-1,2.299999952E0,1.330000019E1,2.000000000E1
4.243558946E2,1.932374333E1,-9.917897000E1,2.301553700E3,2.293700000E3,0.000000000E0,2.091199951E2,4.570142236E-1,2.299999952E0,1.369999981E1,2.100000000E1
4.253558946E2,1.932374333E1,-9.917897000E1,2.301553700E3,2.293700000E3,0.000000000E0,2.091199951E2,4.570142236E-1,2.299999952E0,1.389999962E1,2.100000000E1
4.263558946E2,1.932374333E1,-9.917897000E1,2.301553700E3,2.293700000E3,0.000000000E0,2.091199951E2,4.570142236E-1,2.299999952E0,1.319999981E1,2.100000000E1
4.273558946E2,1.932374333E1,-9.917897000E1,2.301553700E3,2.293700000E3,0.000000000E0,2.091199951E2,4.570142236E-1,2.200000048E0,1.350000000E1,2.200000000E1
4.283558946E2,1.932374333E1,-9.917897000E1,2.301553700E3,2.293700000E3,0.000000000E0,2.091199951E2,4.570142236E-1,2.200000048E0,1.339999962E1,2.200000000E1
4.293558946E2,1.932374333E1,-9.917897000E1,2.301553700E3,2.293700000E3,0.000000000E0,2.091199951E2,4.570142236E-1,2.200000048E0,1.350000000E1,2.300000000E1
4.303558946E2,1.932374333E1,-9.917897000E1,2.301553700E3,2.293700000E3,0.000000000E0,2.091199951E2,4.601056655E-1,2.200000048E0,1.350000000E1,2.400000000E1
4.313558946E2,1.932377000E1,-9.917897833E1,2.303753656E3,2.295900000E3,4.267047346E-1,2.090899963E2,4.604554343E-1,2.200000048E0,1.389999962E1,2.400000000E1
4.323558946E2,1.932377000E1,-9.917898167E1,2.303753663E3,2.295900000E3,4.164102674E-1,2.411499939E2,4.622391279E-1,2.299999952E0,1.430000019E1,2.400000000E1
4.333558946E2,1.932378167E1,-9.917897000E1,2.304053613E3,2.296200000E3,4.112630486E-1,3.586000061E1,4.635827269E-1,2.200000048E0,1.339999962E1,2.400000000E1
4.343558946E2,1.932379333E1,-9.917896667E1,2.304253580E3,2.296400000E3,4.380286038E-1,5.720999908E1,4.646475713E-1,2.200000048E0,1.360000038E1,2.400000000E1
4.353558946E2,1.932380167E1,-9.917896167E1,2.304353552E3,2.296500000E3,4.581027925E-1,5.472000122E1,4.655414161E-1,2.200000048E0,1.439999962E1,2.400000000E1
4.363558946E2,1.932380333E1,-9.917895333E1,2.304653531E3,2.296800000E3,4.874419570E-1,8.150000000E1,4.662409535E-1,2.200000048E0,1.450000000E1,2.400000000E1
4.373558946E2,1.932380333E1,-9.917894667E1,2.304853518E3,2.297000000E3,4.858977795E-1,7.994000244E1,4.664158378E-1,2.099999905E0,1.489999962E1,2.400000000E1
4.383558946E2,1.932380333E1,-9.917894500E1,2.304853515E3,2.297000000E3,4.750885963E-1,1.301000023E1,4.668116704E-1,2.099999905E0,1.410000038E1,2.400000000E1
4.393558946E2,1.932380167E1,-9.917894833E1,2.304653525E3,2.296800000E3,5.039130449E-1,2.761700134E2,4.669865547E-1,2.099999905E0,1.430000019E1,2.400000000E1
4.403558946E2,1.932380167E1,-9.917895000E1,2.304753529E3,2.296900000E3,4.544997215E-1,2.485099945E2,4.673823873E-1,2.099999905E0,1.469999981E1,2.400000000E1
4.413558946E2,1.932380000E1,-9.917895333E1,2.304753539E3,2.296900000E3,0.000000000E0,2.485099945E2,4.675572716E-1,2.200000048E0,1.519999981E1,2.400000000E1
4.423558946E2,1.932380000E1,-9.917895500E1,2.304653542E3,2.296800000E3,0.000000000E0,2.485099945E2,4.677425965E-1,2.200000048E0,1.430000019E1,2.400000000E1
4.433558946E2,1.932379833E1,-9.917895500E1,2.304453546E3,2.296600000E3,4.102336168E-1,1.518000031E2,4.685622691E-1,2.299999952E0,1.419999981E1,2.300000000E1
4.443558946E2,1.932380500E1,-9.917895167E1,2.304053524E3,2.296200000E3,0.000000000E0,1.518000031E2,4.689721053E-1,2.200000048E0,1.419999981E1,2.300000000E1
4.453558946E2,1.932380167E1,-9.917895000E1,2.304053529E3,2.296200000E3,0.000000000E0,1.518000031E2,4.696289508E-1,2.299999952E0,1.469999981E1,2.300000000E1
4.463558946E2,1.932379667E1,-9.917894667E1,2.304053533E3,2.296200000E3,0.000000000E0,1.518000031E2,4.696289508E-1,2.299999952E0,1.460000038E1,2.200000000E1
4.473558946E2,1.932379667E1,-9.917894667E1,2.304053533E3,2.296200000E3,0.000000000E0,1.518000031E2,4.696289508E-1,2.400000095E0,1.539999962E1,2.300000000E1
4.483558946E2,1.932379667E1,-9.917894667E1,2.304053533E3,2.296200000E3,0.000000000E0,1.518000031E2,4.696289508E-1,2.400000095E0,1.610000038E1,2.300000000E1
4.493558946E2,1.932379667E1,-9.917894667E1,2.304053533E3,2.296200000E3,0.000000000E0,1.518000031E2,4.747549514E-1,2.500000000E0,1.679999924E1,2.200000000E1
4.503558946E2,1.932375333E1,-9.917896333E1,2.304353664E3,2.296500000E3,0.000000000E0,1.518000031E2,4.760686424E-1,2.500000000E0,1.770000076E1,2.200000000E1
4.513558946E2,1.932374333E1,-9.917897000E1,2.304253700E3,2.296400000E3,0.000000000E0,1.518000031E2,4.762539673E-1,2.599999905E0,1.760000038E1,2.200000000E1
4.523558946E2,1.932374167E1,-9.917897000E1,2.304053704E3,2.296200000E3,0.000000000E0,1.518000031E2,4.770736399E-1,2.599999905E0,1.829999924E1,2.100000000E1
4.533558946E2,1.932373500E1,-9.917897333E1,2.303853726E3,2.296000000E3,0.000000000E0,1.518000031E2,4.784735244E-1,2.700000048E0,1.820000076E1,2.000000000E1
4.543558946E2,1.932372667E1,-9.917898333E1,2.303853764E3,2.296000000E3,0.000000000E0,1.518000031E2,4.801273305E-1,2.700000048E0,1.850000000E1,1.900000000E1
4.553558946E2,1.932371667E1,-9.917899500E1,2.303953810E3,2.296100000E3,0.000000000E0,1.518000031E2,4.813568395E-1,2.700000048E0,1.879999924E1,1.900000000E1
4.563558946E2,1.932370667E1,-9.917900000E1,2.304153842E3,2.296300000E3,0.000000000E0,1.518000031E2,4.829212992E-1,2.799999952E0,1.889999962E1,1.800000000E1
4.573558946E2,1.932369500E1,-9.917900833E1,2.304553885E3,2.296700000E3,0.000000000E0,1.518000031E2,4.847049932E-1,2.799999952E0,1.920000076E1,1.600000000E1
4.583558946E2,1.932368333E1,-9.917902000E1,2.304653935E3,2.296800000E3,0.000000000E0,1.518000031E2,4.862282917E-1,2.900000095E0,1.889999962E1,1.700000000E1
4.593558946E2,1.932367000E1,-9.917902333E1,2.304353972E3,2.296500000E3,0.000000000E0,1.518000031E2,4.873411376E-1,2.900000095E0,1.879999924E1,1.700000000E1
4.603558946E2,1.932366667E1,-9.917903333E1,2.304653999E3,2.296800000E3,0.000000000E0,1.518000031E2,4.897895203E-1,3.000000000E0,1.879999924E1,1.400000000E1
4.613558946E2,1.932366667E1,-9.917905667E1,2.304654045E3,2.296800000E3,0.000000000E0,1.518000031E2,4.929561830E-1,2.900000095E0,1.900000000E1,1.500000000E1
4.623558946E2,1.932365333E1,-9.917908333E1,2.304754128E3,2.296900000E3,0.000000000E0,1.518000031E2,4.939923888E-1,2.900000095E0,1.910000038E1,1.400000000E1
4.633558946E2,1.932364833E1,-9.917909167E1,2.304654156E3,2.296800000E3,0.000000000E0,1.518000031E2,4.953060800E-1,3.000000000E0,1.960000038E1,1.400000000E1
4.643558946E2,1.932363833E1,-9.917909833E1,2.304754192E3,2.296900000E3,0.000000000E0,1.518000031E2,4.972331979E-1,3.000000000E0,2.029999924E1,1.300000000E1
4.653558946E2,1.932362833E1,-9.917911333E1,2.304954244E3,2.297100000E3,0.000000000E0,1.518000031E2,5.001597067E-1,3.000000000E0,2.100000000E1,1.500000000E1
4.663558946E2,1.932361667E1,-9.917913833E1,2.305054320E3,2.297200000E3,0.000000000E0,1.518000031E2,5.023853993E-1,3.000000000E0,1.810000038E1,1.500000000E1
4.673558946E2,1.932361000E1,-9.917915833E1,2.305054375E3,2.297200000E3,0.000000000E0,1.518000031E2,5.044470156E-1,3.000000000E0,1.879999924E1,1.300000000E1
4.683558946E2,1.932360333E1,-9.917917667E1,2.305154426E3,2.297300000E3,0.000000000E0,1.518000031E2,5.059758966E-1,3.000000000E0,1.960000038E1,1.300000000E1
4.693558946E2,1.932359333E1,-9.917918667E1,2.305054469E3,2.297200000E3,5.553852916E-1,1.633800049E2,5.093193117E-1,3.000000000E0,1.800000000E1,1.700000000E1
4.703558946E2,1.932359000E1,-9.917921833E1,2.305854539E3,2.298000000E3,4.647941589E-1,1.695399933E2,5.155731904E-1,2.799999952E0,1.510000038E1,1.700000000E1
4.713558946E2,1.932356833E1,-9.917927333E1,2.305554697E3,2.297700000E3,4.478083253E-1,2.160399933E2,5.165229254E-1,2.500000000E0,1.530000019E1,1.700000000E1
4.723558946E2,1.932356500E1,-9.917928167E1,2.305654721E3,2.297800000E3,4.565586150E-1,9.933000183E1,5.186781833E-1,2.599999905E0,1.710000038E1,1.800000000E1
4.733558946E2,1.932354667E1,-9.917928833E1,2.304354775E3,2.296500000E3,5.147222281E-1,1.873600006E2,5.190740164E-1,2.400000095E0,1.569999981E1,1.900000000E1
4.743558946E2,1.932354500E1,-9.917929167E1,2.300754786E3,2.292900000E3,5.816361308E-1,1.915399933E2,5.198936891E-1,2.299999952E0,1.519999981E1,2.000000000E1
4.753558946E2,1.932355167E1,-9.917929500E1,2.295654777E3,2.287800000E3,5.646502972E-1,1.790500031E2,5.209129433E-1,2.200000048E0,1.510000038E1,2.000000000E1
4.763558946E2,1.932354500E1,-9.917928833E1,2.294154779E3,2.286300000E3,5.533263683E-1,9.506999969E1,5.220739716E-1,2.099999905E0,1.419999981E1,2.000000000E1
4.773558946E2,1.932353667E1,-9.917928167E1,2.293154785E3,2.285300000E3,4.756033421E-1,1.753600006E2,5.231232793E-1,2.000000000E0,1.430000019E1,2.000000000E1
4.783558946E2,1.932353667E1,-9.917927167E1,2.291554765E3,2.283700000E3,4.797210991E-1,1.019400024E2,5.235191124E-1,1.899999976E0,1.380000019E1,1.900000000E1
4.793558946E2,1.932353500E1,-9.917926833E1,2.290054762E3,2.282200000E3,5.358258486E-1,2.385700073E2,5.241019438E-1,1.799999952E0,1.330000019E1,1.900000000E1
4.803558946E2,1.932353000E1,-9.917927000E1,2.288554777E3,2.280700000E3,5.857539177E-1,1.678300018E2,5.252275617E-1,1.799999952E0,1.389999962E1,2.000000000E1
4.813558946E2,1.932352000E1,-9.917927167E1,2.287354803E3,2.279500000E3,6.042838693E-1,2.029900055E2,5.268015235E-1,1.799999952E0,1.380000019E1,2.000000000E1
4.823558946E2,1.932352000E1,-9.917928667E1,2.284454832E3,2.276600000E3,6.006808281E-1,2.245000000E2,5.278207777E-1,1.799999952E0,1.400000000E1,2.000000000E1
4.833558946E2,1.932351333E1,-9.917929333E1,2.283254861E3,2.275400000E3,6.161224842E-1,2.051100006E2,5.288700856E-1,1.799999952E0,1.489999962E1,2.100000000E1
4.843558946E2,1.932351333E1,-9.917930333E1,2.280954881E3,2.273100000E3,6.186960936E-1,1.979700012E2,5.297967099E-1,1.799999952E0,1.519999981E1,2.100000000E1
4.853558946E2,1.932350500E1,-9.917930333E1,2.279954899E3,2.272100000E3,6.984780431E-1,1.761399994E2,5.314737773E-1,1.700000048E0,1.610000038E1,2.100000000E1
4.863558946E2,1.932349000E1,-9.917930500E1,2.279254937E3,2.271400000E3,7.746569514E-1,1.727599945E2,5.328731278E-1,1.799999952E0,1.569999981E1,2.100000000E1
4.873558946E2,1.932347833E1,-9.917930000E1,2.278354953E3,2.270500000E3,9.141466618E-1,1.643300018E2,5.346568229E-1,1.700000048E0,1.419999981E1,2.100000000E1
4.883558946E2,1.932346667E1,-9.917928833E1,2.277954956E3,2.270100000E3,9.954727888E-1,1.397400055E2,5.356065585E-1,1.700000048E0,1.339999962E1,2.100000000E1
4.893558946E2,1.932346333E1,-9.917928000E1,2.277754947E3,2.269900000E3,9.836341739E-1,1.252200012E2,5.364809820E-1,1.700000048E0,1.310000038E1,2.100000000E1
4.903558946E2,1.932346333E1,-9.917927167E1,2.277354931E3,2.269500000E3,9.609863758E-1,9.637999725E1,5.378922804E-1,1.700000048E0,1.300000000E1,2.100000000E1
4.913558946E2,1.932346500E1,-9.917925833E1,2.277454901E3,2.269600000E3,9.429711103E-1,8.705999756E1,5.391663484E-1,1.700000048E0,1.330000019E1,2.100000000E1
4.923558946E2,1.932347333E1,-9.917925000E1,2.276954865E3,2.269100000E3,9.455447197E-1,6.183000183E1,5.406592263E-1,1.700000048E0,1.319999981E1,2.100000000E1
4.933558946E2,1.932348667E1,-9.917925167E1,2.275054839E3,2.267200000E3,9.048816562E-1,5.240999985E1,5.410298761E-1,1.700000048E0,1.330000019E1,2.100000000E1
4.943558946E2,1.932349000E1,-9.917925167E1,2.273854831E3,2.266000000E3,8.420855403E-1,3.068099976E2,5.415862996E-1,1.799999952E0,1.310000038E1,2.100000000E1
4.953558946E2,1.932349167E1,-9.917924667E1,2.273354817E3,2.265500000E3,7.509797215E-1,1.851900024E2,5.426356076E-1,1.899999976E0,1.369999981E1,2.100000000E1
4.963558946E2,1.932349167E1,-9.917923667E1,2.273054798E3,2.265200000E3,6.382555366E-1,1.060199966E2,5.440501914E-1,1.899999976E0,1.389999962E1,2.000000000E1
4.973558946E2,1.932350167E1,-9.917922833E1,2.271954758E3,2.264100000E3,5.589883327E-1,8.440000153E1,5.453349374E-1,1.899999976E0,1.400000000E1,1.900000000E1
4.983558946E2,1.932350833E1,-9.917921833E1,2.271154724E3,2.263300000E3,5.255314112E-1,8.358000183E1,5.477516364E-1,1.899999976E0,1.430000019E1,2.000000000E1
4.993558946E2,1.932352333E1,-9.917920167E1,2.270254657E3,2.262400000E3,5.687680840E-1,6.561000061E1,5.491662201E-1,1.899999976E0,1.439999962E1,1.800000000E1
5.003558946E2,1.932353333E1,-9.917919333E1,2.269654617E3,2.261800000E3,6.259022355E-1,4.527999878E1,5.501566600E-1,2.000000000E0,1.500000000E1,1.900000000E1
5.013558946E2,1.932354167E1,-9.917919000E1,2.269654592E3,2.261800000E3,0.000000000E0,4.527999878E1,5.509763328E-1,2.099999905E0,1.610000038E1,1.900000000E1
5.023558946E2,1.932354833E1,-9.917918667E1,2.269654570E3,2.261800000E3,0.000000000E0,4.527999878E1,5.517960056E-1,2.200000048E0,1.720000076E1,1.900000000E1
5.033558946E2,1.932355500E1,-9.917918333E1,2.269554549E3,2.261700000E3,0.000000000E0,4.527999878E1,5.529616684E-1,2.400000095E0,1.860000038E1,2.000000000E1
5.043558946E2,1.932356500E1,-9.917918000E1,2.269454519E3,2.261600000E3,0.000000000E0,4.527999878E1,5.531469932E-1,2.599999905E0,2.000000000E1,2.000000000E1
5.053558946E2,1.932356667E1,-9.917918000E1,2.269354516E3,2.261500000E3,0.000000000E0,4.527999878E1,5.538038389E-1,2.700000048E0,2.139999962E1,2.000000000E1
5.063558946E2,1.932357167E1,-9.917918333E1,2.269154511E3,2.261300000E3,0.000000000E0,4.527999878E1,5.545033773E-1,2.799999952E0,2.260000038E1,1.900000000E1
5.073558946E2,1.932357167E1,-9.917919000E1,2.269054524E3,2.261200000E3,0.000000000E0,4.527999878E1,5.556644055E-1,2.900000095E0,2.379999924E1,1.800000000E1
5.083558946E2,1.932356333E1,-9.917919667E1,2.268954556E3,2.261100000E3,0.000000000E0,4.527999878E1,5.565388285E-1,2.900000095E0,2.470000076E1,1.900000000E1
5.093558946E2,1.932356333E1,-9.917920500E1,2.268954573E3,2.261100000E3,0.000000000E0,4.527999878E1,5.574885636E-1,2.900000095E0,2.529999924E1,1.800000000E1
5.103558946E2,1.932356667E1,-9.917921333E1,2.268954582E3,2.261100000E3,0.000000000E0,4.527999878E1,5.585078176E-1,3.000000000E0,2.589999962E1,1.800000000E1
5.113558946E2,1.932357333E1,-9.917922000E1,2.268954580E3,2.261100000E3,0.000000000E0,4.527999878E1,5.596334356E-1,3.000000000E0,2.620000076E1,1.600000000E1
5.123558946E2,1.932358333E1,-9.917922167E1,2.268854560E3,2.261000000E3,0.000000000E0,4.527999878E1,5.612167676E-1,3.000000000E0,2.600000000E1,1.600000000E1
5.133558946E2,1.932359000E1,-9.917923500E1,2.268754572E3,2.260900000E3,0.000000000E0,4.527999878E1,5.625257767E-1,3.000000000E0,2.620000076E1,1.500000000E1
5.143558946E2,1.932360167E1,-9.917923667E1,2.268654549E3,2.260800000E3,0.000000000E0,4.527999878E1,5.641942988E-1,3.000000000E0,2.610000038E1,1.700000000E1
5.153558946E2,1.932361333E1,-9.917922667E1,2.268554502E3,2.260700000E3,0.000000000E0,4.527999878E1,5.703098224E-1,3.000000000E0,2.550000000E1,1.700000000E1
5.163558946E2,1.932365333E1,-9.917918667E1,2.268054333E3,2.260200000E3,0.000000000E0,4.527999878E1,5.719636289E-1,2.900000095E0,2.620000076E1,1.800000000E1
5.173558946E2,1.932366333E1,-9.917917500E1,2.267754287E3,2.259900000E3,0.000000000E0,4.527999878E1,5.735484622E-1,2.900000095E0,2.610000038E1,1.800000000E1
5.183558946E2,1.932366500E1,-9.917916000E1,2.267754254E3,2.259900000E3,0.000000000E0,4.527999878E1,5.745977690E-1,2.900000095E0,2.429999924E1,1.800000000E1
5.193558946E2,1.932366500E1,-9.917915000E1,2.267554234E3,2.259700000E3,0.000000000E0,4.527999878E1,5.769198251E-1,2.900000095E0,2.379999924E1,1.800000000E1
5.203558946E2,1.932368167E1,-9.917913667E1,2.267654170E3,2.259800000E3,0.000000000E0,4.527999878E1,5.796222317E-1,2.799999952E0,2.239999962E1,1.900000000E1
5.213558946E2,1.932370333E1,-9.917912500E1,2.267354098E3,2.259500000E3,5.440613627E-1,1.695000076E1,5.834304778E-1,2.700000048E0,1.939999962E1,1.900000000E1
5.223558946E2,1.932373667E1,-9.917911667E1,2.267454006E3,2.259600000E3,4.786916673E-1,3.681999969E1,5.858592287E-1,2.599999905E0,1.900000000E1,2.000000000E1
5.233558946E2,1.932375000E1,-9.917909833E1,2.268553939E3,2.260700000E3,4.112630486E-1,1.415099945E2,5.870055876E-1,2.400000095E0,1.879999924E1,2.000000000E1
5.243558946E2,1.932375667E1,-9.917909000E1,2.269853908E3,2.262000000E3,0.000000000E0,1.198499985E2,5.887892813E-1,2.400000095E0,1.870000076E1,1.900000000E1
5.253558946E2,1.932376833E1,-9.917907833E1,2.271253858E3,2.263400000E3,0.000000000E0,9.531999969E1,5.901891657E-1,2.400000095E0,1.910000038E1,2.000000000E1
5.263558946E2,1.932377667E1,-9.917906833E1,2.273053819E3,2.265200000E3,0.000000000E0,1.634100037E2,5.901891657E-1,2.299999952E0,1.789999962E1,2.000000000E1
5.273558946E2,1.932377667E1,-9.917906833E1,2.273053819E3,2.265200000E3,0.000000000E0,1.634100037E2,5.933751275E-1,2.299999952E0,1.679999924E1,2.100000000E1
5.283558946E2,1.932379500E1,-9.917904500E1,2.275753732E3,2.267900000E3,4.148661196E-1,7.137000275E1,5.944879727E-1,2.299999952E0,1.670000076E1,2.000000000E1
5.293558946E2,1.932379833E1,-9.917903500E1,2.277053704E3,2.269200000E3,4.313372076E-1,9.033999634E1,5.952292722E-1,2.299999952E0,1.639999962E1,2.000000000E1
5.303558946E2,1.932380500E1,-9.917903500E1,2.277553689E3,2.269700000E3,4.390580654E-1,3.161400146E2,5.956391084E-1,2.299999952E0,1.710000038E1,2.100000000E1
5.313558946E2,1.932380833E1,-9.917903667E1,2.277753685E3,2.269900000E3,4.689119458E-1,1.068199997E2,5.964007576E-1,2.299999952E0,1.670000076E1,2.200000000E1
5.323558946E2,1.932381500E1,-9.917903833E1,2.278953673E3,2.271100000E3,5.064866543E-1,1.379400024E2,5.970576031E-1,2.299999952E0,1.500000000E1,2.200000000E1
5.333558946E2,1.932382000E1,-9.917904167E1,2.279953669E3,2.272100000E3,5.219283104E-1,1.467700043E2,5.976404343E-1,2.299999952E0,1.539999962E1,2.100000000E1
5.343558946E2,1.932382500E1,-9.917904333E1,2.281053661E3,2.273200000E3,5.620766878E-1,1.652799988E2,5.988014620E-1,2.400000095E0,1.569999981E1,2.100000000E1
5.353558946E2,1.932383333E1,-9.917903667E1,2.282153628E3,2.274300000E3,5.456055403E-1,1.264000015E2,5.996950279E-1,2.299999952E0,1.560000038E1,2.100000000E1
5.363558946E2,1.932383833E1,-9.917903000E1,2.283753604E3,2.275900000E3,5.692827702E-1,7.845999908E1,6.005885938E-1,2.299999952E0,1.550000000E1,2.100000000E1
5.373558946E2,1.932384333E1,-9.917902333E1,2.285253579E3,2.277400000E3,5.394288898E-1,1.001900024E2,6.012309659E-1,2.299999952E0,1.589999962E1,2.100000000E1
5.383558946E2,1.932384667E1,-9.917901833E1,2.286353562E3,2.278500000E3,5.008247495E-1,1.031399994E2,6.020506384E-1,2.299999952E0,1.660000038E1,2.100000000E1
5.393558946E2,1.932385333E1,-9.917901500E1,2.287553540E3,2.279700000E3,5.028836131E-1,5.429999924E1,6.023054517E-1,2.200000048E0,1.629999924E1,2.200000000E1
5.403558946E2,1.932385500E1,-9.917901333E1,2.288653533E3,2.280800000E3,5.059719682E-1,4.125999832E1,6.024907766E-1,2.299999952E0,1.660000038E1,2.200000000E1
5.413558946E2,1.932385667E1,-9.917901333E1,2.290053530E3,2.282200000E3,4.910449982E-1,2.561000061E1,6.026761015E-1,2.400000095E0,1.729999924E1,2.200000000E1
5.423558946E2,1.932385500E1,-9.917901333E1,2.291653533E3,2.283800000E3,4.457494318E-1,2.394799957E2,6.031857281E-1,2.299999952E0,1.650000000E1,2.200000000E1
5.433558946E2,1.932385167E1,-9.917901667E1,2.293253547E3,2.285400000E3,0.000000000E0,2.394799957E2,6.033710530E-1,2.299999952E0,1.660000038E1,2.300000000E1
5.443558946E2,1.932385000E1,-9.917901667E1,2.294653551E3,2.286800000E3,0.000000000E0,3.505100098E2,6.039270276E-1,2.299999952E0,1.650000000E1,2.300000000E1
5.453558946E2,1.932384500E1,-9.917901667E1,2.295553563E3,2.287700000E3,0.000000000E0,1.708200073E2,6.041123525E-1,2.299999952E0,1.670000076E1,2.300000000E1
5.463558946E2,1.932384333E1,-9.917901667E1,2.295953566E3,2.288100000E3,0.000000000E0,2.586799927E2,6.041123525E-1,2.299999952E0,1.610000038E1,2.300000000E1
5.473558946E2,1.932384333E1,-9.917901667E1,2.295953566E3,2.288100000E3,0.000000000E0,2.586799927E2,6.041123525E-1,2.299999952E0,1.660000038E1,2.300000000E1
5.483558946E2,1.932384333E1,-9.917901667E1,2.295953566E3,2.288100000E3,0.000000000E0,2.586799927E2,6.050059184E-1,2.400000095E0,1.720000076E1,2.200000000E1
5.493558946E2,1.932383833E1,-9.917902333E1,2.298253591E3,2.290400000E3,2.985388935E-1,3.464299927E2,6.058255909E-1,2.400000095E0,1.739999962E1,2.100000000E1
5.503558946E2,1.932383167E1,-9.917902667E1,2.298853612E3,2.291000000E3,3.165541589E-1,3.233599854E2,6.060109158E-1,2.299999952E0,1.569999981E1,2.100000000E1
5.513558946E2,1.932383000E1,-9.917902667E1,2.299453616E3,2.291600000E3,0.000000000E0,1.110000038E1,6.073545148E-1,2.299999952E0,1.560000038E1,2.200000000E1
5.523558946E2,1.932381833E1,-9.917903000E1,2.299953649E3,2.292100000E3,0.000000000E0,4.699999988E-1,6.079104894E-1,2.299999952E0,1.580000019E1,2.300000000E1
5.533558946E2,1.932381333E1,-9.917903000E1,2.300153661E3,2.292300000E3,0.000000000E0,1.853000069E1,6.079104894E-1,2.299999952E0,1.530000019E1,2.200000000E1
5.543558946E2,1.932381333E1,-9.917903000E1,2.300153661E3,2.292300000E3,0.000000000E0,1.853000069E1,6.079104894E-1,2.200000048E0,1.489999962E1,2.300000000E1
5.553558946E2,1.932381333E1,-9.917903000E1,2.300153661E3,2.292300000E3,0.000000000E0,1.853000069E1,6.079104894E-1,2.200000048E0,1.439999962E1,2.300000000E1
5.563558946E2,1.932381333E1,-9.917903000E1,2.300153661E3,2.292300000E3,0.000000000E0,1.853000069E1,6.079104894E-1,2.200000048E0,1.450000000E1,2.300000000E1
5.573558946E2,1.932381333E1,-9.917903000E1,2.300153661E3,2.292300000E3,0.000000000E0,1.853000069E1,6.079104894E-1,2.099999905E0,1.469999981E1,2.300000000E1
5.583558946E2,1.932381333E1,-9.917903000E1,2.300153661E3,2.292300000E3,0.000000000E0,1.853000069E1,6.079104894E-1,2.000000000E0,1.450000000E1,2.300000000E1
5.593558946E2,1.932381333E1,-9.917903000E1,2.300153661E3,2.292300000E3,0.000000000E0,1.853000069E1,6.079104894E-1,2.000000000E0,1.460000038E1,2.300000000E1
5.603558946E2,1.932381333E1,-9.917903000E1,2.300153661E3,2.292300000E3,0.000000000E0,1.853000069E1,6.079104894E-1,2.099999905E0,1.400000000E1,2.400000000E1
5.613558946E2,1.932381333E1,-9.917903000E1,2.300153661E3,2.292300000E3,0.000000000E0,1.853000069E1,6.079104894E-1,2.099999905E0,1.419999981E1,2.400000000E1
5.623558946E2,1.932381333E1,-9.917903000E1,2.300153661E3,2.292300000E3,0.000000000E0,1.853000069E1,6.079104894E-1,2.099999905E0,1.419999981E1,2.300000000E1
5.633558946E2,1.932381333E1,-9.917903000E1,2.300153661E3,2.292300000E3,0.000000000E0,1.853000069E1,6.134154642E-1,2.099999905E0,1.380000019E1,2.300000000E1
5.643558946E2,1.932377167E1,-9.917905833E1,2.300253811E3,2.292400000E3,3.196425140E-1,3.179899902E2,6.141150016E-1,2.200000048E0,1.389999962E1,2.400000000E1
5.653558946E2,1.932377167E1,-9.917906500E1,2.300153824E3,2.292300000E3,0.000000000E0,1.586499939E2,6.146978330E-1,2.200000048E0,1.419999981E1,2.400000000E1
5.663558946E2,1.932376667E1,-9.917906667E1,2.299853839E3,2.292000000E3,0.000000000E0,1.911799927E2,6.150684827E-1,2.200000048E0,1.439999962E1,2.400000000E1
5.673558946E2,1.932376333E1,-9.917906667E1,2.299853846E3,2.292000000E3,0.000000000E0,5.295000076E1,6.150684827E-1,2.200000048E0,1.489999962E1,2.300000000E1
5.683558946E2,1.932376333E1,-9.917906667E1,2.299853846E3,2.292000000E3,0.000000000E0,5.295000076E1,6.150684827E-1,2.200000048E0,1.539999962E1,2.300000000E1
5.693558946E2,1.932376333E1,-9.917906667E1,2.299853846E3,2.292000000E3,0.000000000E0,1.974100037E2,6.150684827E-1,2.200000048E0,1.530000019E1,2.300000000E1
5.703558946E2,1.932376333E1,-9.917906667E1,2.299853846E3,2.292000000E3,0.000000000E0,1.974100037E2,6.150684827E-1,2.200000048E0,1.550000000E1,2.300000000E1
5.713558946E2,1.932376333E1,-9.917906667E1,2.299853846E3,2.292000000E3,0.000000000E0,1.974100037E2,6.150684827E-1,2.299999952E0,1.600000000E1,2.300000000E1
5.723558946E2,1.932376333E1,-9.917906667E1,2.299853846E3,2.292000000E3,0.000000000E0,1.974100037E2,6.150684827E-1,2.400000095E0,1.670000076E1,2.300000000E1
5.733558946E2,1.932376333E1,-9.917906667E1,2.299853846E3,2.292000000E3,0.000000000E0,1.974100037E2,6.150684827E-1,2.500000000E0,1.720000076E1,2.100000000E1
5.743558946E2,1.932376333E1,-9.917906667E1,2.299853846E3,2.292000000E3,0.000000000E0,1.974100037E2,6.150684827E-1,2.599999905E0,1.720000076E1,1.800000000E1
5.753558946E2,1.932376333E1,-9.917906667E1,2.299853846E3,2.292000000E3,0.000000000E0,1.974100037E2,6.150684827E-1,2.700000048E0,1.750000000E1,1.700000000E1
5.763558946E2,1.932376333E1,-9.917906667E1,2.299853846E3,2.292000000E3,0.000000000E0,1.974100037E2,6.150684827E-1,2.700000048E0,1.800000000E1,1.400000000E1
5.773558946E2,1.932376333E1,-9.917906667E1,2.299853846E3,2.292000000E3,0.000000000E0,1.974100037E2,6.150684827E-1,2.799999952E0,1.460000038E1,1.200000000E1
5.783558946E2,1.932376333E1,-9.917906667E1,2.299853846E3,2.292000000E3,0.000000000E0,1.974100037E2,6.226995893E-1,2.900000095E0,1.510000038E1,1.200000000E1
5.793558946E2,1.932382833E1,-9.917904333E1,2.298853653E3,2.291000000E3,0.000000000E0,1.974100037E2,6.234408888E-1,3.000000000E0,1.569999981E1,1.000000000E1
5.803558946E2,1.932383500E1,-9.917904333E1,2.298853638E3,2.291000000E3,0.000000000E0,1.974100037E2,6.260354371E-1,3.200000048E0,1.639999962E1,1.100000000E1
5.813558946E2,1.932385833E1,-9.917904333E1,2.298753585E3,2.290900000E3,0.000000000E0,1.974100037E2,6.293430478E-1,3.400000095E0,1.689999962E1,1.100000000E1
5.823558946E2,1.932387833E1,-9.917906667E1,2.298853586E3,2.291000000E3,0.000000000E0,1.974100037E2,6.323966626E-1,3.400000095E0,1.689999962E1,1.100000000E1
5.833558946E2,1.932389667E1,-9.917908833E1,2.298853588E3,2.291000000E3,0.000000000E0,1.974100037E2,6.347879603E-1,3.400000095E0,1.729999924E1,1.100000000E1
5.843558946E2,1.932390333E1,-9.917911000E1,2.298653615E3,2.290800000E3,0.000000000E0,1.974100037E2,6.365750917E-1,3.400000095E0,1.820000076E1,1.200000000E1
5.853558946E2,1.932391333E1,-9.917912333E1,2.298453619E3,2.290600000E3,0.000000000E0,1.974100037E2,6.377214500E-1,3.500000000E0,1.839999962E1,1.200000000E1
5.863558946E2,1.932392000E1,-9.917913167E1,2.298253621E3,2.290400000E3,0.000000000E0,1.974100037E2,6.405742970E-1,3.500000000E0,1.870000076E1,1.200000000E1
5.873558946E2,1.932392500E1,-9.917915833E1,2.298153662E3,2.290300000E3,0.000000000E0,1.974100037E2,6.433564080E-1,3.500000000E0,1.870000076E1,1.200000000E1
5.883558946E2,1.932393333E1,-9.917918333E1,2.298153693E3,2.290300000E3,0.000000000E0,1.974100037E2,6.447677025E-1,3.599999905E0,1.870000076E1,1.200000000E1
5.893558946E2,1.932393500E1,-9.917919667E1,2.297953715E3,2.290100000E3,0.000000000E0,1.974100037E2,6.458332478E-1,3.599999905E0,1.850000000E1,1.200000000E1
5.903558946E2,1.932393333E1,-9.917920667E1,2.297953739E3,2.290100000E3,0.000000000E0,1.974100037E2,6.462430840E-1,3.700000048E0,1.870000076E1,1.300000000E1
5.913558946E2,1.932393667E1,-9.917920833E1,2.297453735E3,2.289600000E3,0.000000000E0,1.974100037E2,6.482827563E-1,3.700000048E0,1.860000038E1,1.200000000E1
5.923558946E2,1.932392500E1,-9.917922333E1,2.297053791E3,2.289200000E3,0.000000000E0,1.974100037E2,6.519213135E-1,3.599999905E0,1.989999962E1,1.400000000E1
5.933558946E2,1.932391167E1,-9.917919167E1,2.296753758E3,2.288900000E3,0.000000000E0,1.974100037E2,6.522919633E-1,3.500000000E0,1.970000076E1,1.400000000E1
5.943558946E2,1.932390833E1,-9.917919167E1,2.296353766E3,2.288500000E3,0.000000000E0,1.974100037E2,6.558092318E-1,3.299999952E0,1.929999924E1,1.400000000E1
5.953558946E2,1.932390500E1,-9.917915833E1,2.296353707E3,2.288500000E3,0.000000000E0,1.974100037E2,6.590529701E-1,3.200000048E0,1.879999924E1,1.400000000E1
5.963558946E2,1.932389333E1,-9.917913000E1,2.296553678E3,2.288700000E3,0.000000000E0,1.974100037E2,6.605003087E-1,3.099999905E0,1.900000000E1,1.500000000E1
5.973558946E2,1.932389000E1,-9.917911667E1,2.296553659E3,2.288700000E3,0.000000000E0,1.974100037E2,6.632824203E-1,3.099999905E0,1.939999962E1,1.600000000E1
5.983558946E2,1.932388167E1,-9.917909167E1,2.296553628E3,2.288700000E3,0.000000000E0,1.974100037E2,6.668577979E-1,3.099999905E0,1.939999962E1,1.700000000E1
5.993558946E2,1.932387500E1,-9.917905833E1,2.296153577E3,2.288300000E3,0.000000000E0,1.974100037E2,6.686449295E-1,2.900000095E0,1.939999962E1,1.800000000E1
6.003558946E2,1.932386500E1,-9.917904500E1,2.296153573E3,2.288300000E3,0.000000000E0,1.974100037E2,6.692277608E-1,2.799999952E0,1.960000038E1,1.700000000E1
6.013558946E2,1.932386000E1,-9.917904333E1,2.296153581E3,2.288300000E3,0.000000000E0,1.974100037E2,6.730324341E-1,2.799999952E0,1.970000076E1,1.900000000E1
6.023558946E2,1.932384333E1,-9.917901167E1,2.295753556E3,2.287900000E3,0.000000000E0,1.974100037E2,6.752034426E-1,2.700000048E0,1.939999962E1,1.800000000E1
6.033558946E2,1.932383833E1,-9.917899167E1,2.295353528E3,2.287500000E3,0.000000000E0,1.974100037E2,6.757130692E-1,2.599999905E0,2.100000000E1,2.000000000E1
6.043558946E2,1.932383500E1,-9.917898833E1,2.295353529E3,2.287500000E3,0.000000000E0,1.974100037E2,6.759678825E-1,2.599999905E0,2.150000000E1,2.000000000E1
6.053558946E2,1.932383333E1,-9.917899000E1,2.295153536E3,2.287300000E3,0.000000000E0,1.974100037E2,6.766915521E-1,2.599999905E0,2.120000076E1,2.000000000E1
6.063558946E2,1.932383167E1,-9.917899667E1,2.294953553E3,2.287100000E3,0.000000000E0,1.974100037E2,6.775997292E-1,2.700000048E0,2.150000000E1,2.100000000E1
6.073558946E2,1.932383833E1,-9.917899167E1,2.294953528E3,2.287100000E3,0.000000000E0,1.974100037E2,6.783613784E-1,2.599999905E0,2.089999962E1,2.200000000E1
6.083558946E2,1.932384500E1,-9.917899000E1,2.294453510E3,2.286600000E3,0.000000000E0,1.974100037E2,6.793043615E-1,2.599999905E0,2.010000038E1,2.200000000E1
6.093558946E2,1.932385333E1,-9.917898833E1,2.293753488E3,2.285900000E3,0.000000000E0,1.974100037E2,6.797141978E-1,2.500000000E0,1.879999924E1,2.200000000E1
6.103558946E2,1.932385000E1,-9.917898667E1,2.293453492E3,2.285600000E3,0.000000000E0,1.974100037E2,6.803565699E-1,2.400000095E0,1.889999962E1,2.200000000E1
6.113558946E2,1.932384667E1,-9.917899167E1,2.293653509E3,2.285800000E3,0.000000000E0,1.974100037E2,6.803565699E-1,2.400000095E0,1.580000019E1,2.200000000E1
6.123558946E2,1.932384667E1,-9.917899167E1,2.293653509E3,2.285800000E3,0.000000000E0,1.974100037E2,6.803565699E-1,2.299999952E0,1.580000019E1,2.200000000E1
6.133558946E2,1.932384667E1,-9.917899167E1,2.293653509E3,2.285800000E3,0.000000000E0,1.974100037E2,6.803565699E-1,2.400000095E0,1.670000076E1,2.300000000E1
6.143558946E2,1.932384667E1,-9.917899167E1,2.293653509E3,2.285800000E3,0.000000000E0,1.974100037E2,6.831762778E-1,2.500000000E0,1.750000000E1,2.100000000E1
6.153558946E2,1.932383167E1,-9.917897000E1,2.292453500E3,2.284600000E3,0.000000000E0,1.974100037E2,6.839679429E-1,2.599999905E0,1.820000076E1,2.100000000E1
6.163558946E2,1.932382833E1,-9.917896333E1,2.291553495E3,2.283700000E3,0.000000000E0,1.974100037E2,6.848615088E-1,2.500000000E0,1.810000038E1,2.200000000E1
6.173558946E2,1.932382333E1,-9.917895667E1,2.290253493E3,2.282400000E3,0.000000000E0,1.974100037E2,6.853711355E-1,2.500000000E0,1.860000038E1,2.200000000E1
6.183558946E2,1.932382000E1,-9.917896000E1,2.289253507E3,2.281400000E3,0.000000000E0,1.974100037E2,6.857809718E-1,2.400000095E0,1.879999924E1,2.200000000E1
6.193558946E2,1.932381667E1,-9.917896167E1,2.288453518E3,2.280600000E3,0.000000000E0,1.974100037E2,6.866006443E-1,2.400000095E0,1.929999924E1,2.200000000E1
6.203558946E2,1.932381000E1,-9.917895833E1,2.287253526E3,2.279400000E3,0.000000000E0,1.974100037E2,6.866006443E-1,2.400000095E0,1.979999924E1,2.200000000E1
6.213558946E2,1.932381000E1,-9.917895833E1,2.287253526E3,2.279400000E3,0.000000000E0,1.974100037E2,6.866006443E-1,2.400000095E0,1.860000038E1,2.200000000E1
6.223558946E2,1.932381000E1,-9.917895833E1,2.287253526E3,2.279400000E3,0.000000000E0,1.974100037E2,6.866006443E-1,2.500000000E0,1.910000038E1,2.200000000E1
6.233558946E2,1.932381000E1,-9.917895833E1,2.287253526E3,2.279400000E3,0.000000000E0,1.974100037E2,6.866006443E-1,2.400000095E0,1.970000076E1,2.300000000E1
6.243558946E2,1.932381000E1,-9.917895833E1,2.287253526E3,2.279400000E3,0.000000000E0,1.974100037E2,6.866006443E-1,2.299999952E0,2.010000038E1,2.300000000E1
6.253558946E2,1.932381000E1,-9.917895833E1,2.287253526E3,2.279400000E3,0.000000000E0,1.974100037E2,6.866006443E-1,2.299999952E0,2.020000076E1,2.300000000E1
6.263558946E2,1.932381000E1,-9.917895833E1,2.287253526E3,2.279400000E3,0.000000000E0,1.974100037E2,6.866006443E-1,2.299999952E0,1.910000038E1,2.300000000E1
6.273558946E2,1.932381000E1,-9.917895833E1,2.287253526E3,2.279400000E3,0.000000000E0,1.974100037E2,6.866006443E-1,2.299999952E0,1.639999962E1,2.300000000E1
6.283558946E2,1.932381000E1,-9.917895833E1,2.287253526E3,2.279400000E3,0.000000000E0,1.974100037E2,6.866006443E-1,2.299999952E0,1.610000038E1,2.300000000E1
6.293558946E2,1.932381000E1,-9.917895833E1,2.287253526E3,2.279400000E3,0.000000000E0,1.974100037E2,6.866006443E-1,2.200000048E0,1.670000076E1,2.400000000E1
6.303558946E2,1.932381000E1,-9.917895833E1,2.287253526E3,2.279400000E3,0.000000000E0,1.974100037E2,6.866006443E-1,2.299999952E0,1.689999962E1,2.300000000E1
6.313558946E2,1.932381000E1,-9.917895833E1,2.287253526E3,2.279400000E3,0.000000000E0,1.974100037E2,6.866006443E-1,2.299999952E0,1.750000000E1,2.300000000E1
6.323558946E2,1.932381000E1,-9.917895833E1,2.287253526E3,2.279400000E3,0.000000000E0,1.974100037E2,6.911031160E-1,2.400000095E0,1.829999924E1,2.400000000E1
6.333558946E2,1.932377000E1,-9.917895167E1,2.280253603E3,2.272400000E3,0.000000000E0,1.974100037E2,6.915129523E-1,2.400000095E0,1.770000076E1,2.400000000E1
6.343558946E2,1.932376667E1,-9.917895333E1,2.280253614E3,2.272400000E3,0.000000000E0,1.974100037E2,6.920957836E-1,2.400000095E0,1.739999962E1,2.300000000E1
6.353558946E2,1.932376167E1,-9.917895500E1,2.280353629E3,2.272500000E3,0.000000000E0,1.974100037E2,6.924916162E-1,2.500000000E0,1.750000000E1,2.300000000E1
6.363558946E2,1.932376000E1,-9.917895833E1,2.280653639E3,2.272800000E3,0.000000000E0,1.974100037E2,6.932832815E-1,2.500000000E0,1.760000038E1,2.300000000E1
6.373558946E2,1.932376333E1,-9.917895167E1,2.280453619E3,2.272600000E3,0.000000000E0,1.974100037E2,6.936539313E-1,2.400000095E0,1.800000000E1,2.300000000E1
6.383558946E2,1.932376667E1,-9.917895167E1,2.280453611E3,2.272600000E3,0.000000000E0,1.974100037E2,6.942367626E-1,2.400000095E0,1.750000000E1,2.300000000E1
6.393558946E2,1.932377167E1,-9.917895000E1,2.280653596E3,2.272800000E3,0.000000000E0,1.974100037E2,6.944116470E-1,2.400000095E0,1.789999962E1,2.300000000E1
6.403558946E2,1.932377167E1,-9.917895167E1,2.280553600E3,2.272700000E3,0.000000000E0,1.974100037E2,6.949212737E-1,2.500000000E0,1.789999962E1,2.200000000E1
6.413558946E2,1.932377500E1,-9.917895500E1,2.280653599E3,2.272800000E3,0.000000000E0,1.974100037E2,6.956208112E-1,2.500000000E0,1.870000076E1,2.200000000E1
6.423558946E2,1.932377500E1,-9.917896167E1,2.280653612E3,2.272800000E3,0.000000000E0,1.974100037E2,6.963852513E-1,2.599999905E0,1.879999924E1,2.100000000E1
6.433558946E2,1.932378000E1,-9.917896667E1,2.281453611E3,2.273600000E3,0.000000000E0,1.974100037E2,6.971265508E-1,2.500000000E0,1.789999962E1,2.000000000E1
6.443558946E2,1.932378667E1,-9.917896667E1,2.281853595E3,2.274000000E3,0.000000000E0,1.877599945E2,6.971265508E-1,2.500000000E0,1.810000038E1,2.100000000E1
6.453558946E2,1.932378667E1,-9.917896667E1,2.281853595E3,2.274000000E3,0.000000000E0,1.877599945E2,6.971265508E-1,2.500000000E0,1.770000076E1,2.100000000E1
6.463558946E2,1.932378667E1,-9.917896667E1,2.281853595E3,2.274000000E3,0.000000000E0,1.877599945E2,7.008570648E-1,2.500000000E0,1.670000076E1,2.300000000E1
6.473558946E2,1.932379833E1,-9.917900000E1,2.282853635E3,2.275000000E3,0.000000000E0,2.975100098E2,7.021361361E-1,2.500000000E0,1.739999962E1,2.300000000E1
6.483558946E2,1.932380167E1,-9.917901167E1,2.283253651E3,2.275400000E3,0.000000000E0,2.975100098E2,7.030791192E-1,2.500000000E0,1.810000038E1,2.400000000E1
6.493558946E2,1.932379333E1,-9.917901333E1,2.283453673E3,2.275600000E3,0.000000000E0,2.975100098E2,7.036350939E-1,2.500000000E0,1.910000038E1,2.200000000E1
6.503558946E2,1.932378833E1,-9.917901333E1,2.283653684E3,2.275800000E3,4.390580654E-1,2.215700073E2,7.044267591E-1,2.500000000E0,1.950000000E1,2.200000000E1
6.513558946E2,1.932378500E1,-9.917900667E1,2.283653678E3,2.275800000E3,0.000000000E0,2.215700073E2,7.046815724E-1,2.599999905E0,2.010000038E1,2.200000000E1
6.523558946E2,1.932378667E1,-9.917900500E1,2.283553671E3,2.275700000E3,5.126633048E-1,2.431799927E2,7.059197112E-1,2.599999905E0,1.910000038E1,2.100000000E1
6.533558946E2,1.932378500E1,-9.917901667E1,2.283153698E3,2.275300000E3,5.476644635E-1,2.174900055E2,7.065025425E-1,2.500000000E0,1.860000038E1,2.100000000E1
6.543558946E2,1.932378000E1,-9.917901833E1,2.283453713E3,2.275600000E3,5.507527590E-1,2.357299957E2,7.076489013E-1,2.400000095E0,1.860000038E1,2.300000000E1
6.553558946E2,1.932377333E1,-9.917902667E1,2.283153744E3,2.275300000E3,5.625913739E-1,2.113899994E2,7.089229681E-1,2.299999952E0,1.729999924E1,2.300000000E1
6.563558946E2,1.932376500E1,-9.917903500E1,2.282753780E3,2.274900000E3,5.136927962E-1,1.107799988E2,7.093328044E-1,2.299999952E0,1.770000076E1,2.200000000E1
6.573558946E2,1.932376167E1,-9.917903667E1,2.282453791E3,2.274600000E3,4.642794430E-1,2.681999969E1,7.097286371E-1,2.200000048E0,1.789999962E1,2.200000000E1
6.583558946E2,1.932376000E1,-9.917903333E1,2.282153788E3,2.274300000E3,4.560438991E-1,9.001000214E1,7.108414825E-1,2.200000048E0,1.839999962E1,2.200000000E1
6.593558946E2,1.932376333E1,-9.917902333E1,2.281853760E3,2.274000000E3,4.256752729E-1,1.139800034E2,7.116331478E-1,2.200000048E0,1.750000000E1,2.300000000E1
6.603558946E2,1.932376000E1,-9.917901667E1,2.281253755E3,2.273400000E3,4.544997215E-1,1.173000031E2,7.126986941E-1,2.200000048E0,1.720000076E1,2.400000000E1
6.613558946E2,1.932375833E1,-9.917900667E1,2.281553739E3,2.273700000E3,5.039130449E-1,1.104599991E2,7.132551168E-1,2.299999952E0,1.789999962E1,2.300000000E1
6.623558946E2,1.932375667E1,-9.917900167E1,2.281353733E3,2.273500000E3,0.000000000E0,1.104599991E2,7.135099302E-1,2.400000095E0,1.870000076E1,2.300000000E1
6.633558946E2,1.932375833E1,-9.917900000E1,2.281153726E3,2.273300000E3,0.000000000E0,1.104599991E2,7.139057629E-1,2.500000000E0,1.900000000E1,2.400000000E1
6.643558946E2,1.932376000E1,-9.917899667E1,2.281153715E3,2.273300000E3,0.000000000E0,1.104599991E2,7.141605763E-1,2.500000000E0,1.979999924E1,2.400000000E1
6.653558946E2,1.932375833E1,-9.917899500E1,2.281253716E3,2.273400000E3,0.000000000E0,1.104599991E2,7.141605763E-1,2.599999905E0,2.060000038E1,2.300000000E1
6.663558946E2,1.932375833E1,-9.917899500E1,2.281153716E3,2.273300000E3,0.000000000E0,1.104599991E2,7.155599265E-1,2.700000048E0,2.079999924E1,2.300000000E1
6.673558946E2,1.932374667E1,-9.917900000E1,2.281153752E3,2.273300000E3,0.000000000E0,1.104599991E2,7.163215757E-1,2.799999952E0,2.110000038E1,2.000000000E1
6.683558946E2,1.932374000E1,-9.917900167E1,2.281253770E3,2.273400000E3,0.000000000E0,1.104599991E2,7.176651748E-1,2.900000095E0,2.110000038E1,1.900000000E1
6.693558946E2,1.932372833E1,-9.917900500E1,2.281153803E3,2.273300000E3,0.000000000E0,1.104599991E2,7.195184235E-1,2.900000095E0,2.170000076E1,1.800000000E1
6.703558946E2,1.932371167E1,-9.917900500E1,2.281253841E3,2.273400000E3,0.000000000E0,1.104599991E2,7.213716723E-1,3.000000000E0,2.189999962E1,1.700000000E1
6.713558946E2,1.932369500E1,-9.917900500E1,2.281153879E3,2.273300000E3,0.000000000E0,1.104599991E2,7.218812992E-1,3.099999905E0,2.089999962E1,1.500000000E1
6.723558946E2,1.932369167E1,-9.917900167E1,2.281053880E3,2.273200000E3,0.000000000E0,1.104599991E2,7.220666241E-1,3.000000000E0,2.100000000E1,1.300000000E1
6.733558946E2,1.932369333E1,-9.917900167E1,2.280853876E3,2.273000000E3,0.000000000E0,1.104599991E2,7.224163930E-1,3.099999905E0,2.170000076E1,1.500000000E1
6.743558946E2,1.932369333E1,-9.917900500E1,2.280853883E3,2.273000000E3,0.000000000E0,1.104599991E2,7.228122257E-1,3.099999905E0,2.200000000E1,1.500000000E1
6.753558946E2,1.932369167E1,-9.917900167E1,2.280553880E3,2.272700000E3,0.000000000E0,1.104599991E2,7.231619946E-1,3.099999905E0,2.139999962E1,1.600000000E1
6.763558946E2,1.932369167E1,-9.917899833E1,2.280553873E3,2.272700000E3,0.000000000E0,1.104599991E2,7.245618794E-1,3.099999905E0,2.110000038E1,1.600000000E1
6.773558946E2,1.932370000E1,-9.917898833E1,2.280553834E3,2.272700000E3,0.000000000E0,1.104599991E2,7.260092196E-1,3.099999905E0,2.079999924E1,1.600000000E1
6.783558946E2,1.932370333E1,-9.917897500E1,2.280953801E3,2.273100000E3,0.000000000E0,1.104599991E2,7.280116782E-1,3.000000000E0,2.279999924E1,1.800000000E1
6.793558946E2,1.932370833E1,-9.917895667E1,2.281353753E3,2.273500000E3,0.000000000E0,1.104599991E2,7.284215145E-1,3.000000000E0,1.829999924E1,1.700000000E1
6.803558946E2,1.932370500E1,-9.917895833E1,2.282053764E3,2.274200000E3,0.000000000E0,1.104599991E2,7.298526570E-1,3.000000000E0,1.829999924E1,1.800000000E1
6.813558946E2,1.932369833E1,-9.917897000E1,2.282753802E3,2.274900000E3,0.000000000E0,1.104599991E2,7.304090799E-1,2.900000095E0,1.820000076E1,1.900000000E1
6.823558946E2,1.932369667E1,-9.917896500E1,2.283353796E3,2.275500000E3,0.000000000E0,1.104599991E2,7.310514523E-1,2.799999952E0,1.850000000E1,1.900000000E1
6.833558946E2,1.932369333E1,-9.917897000E1,2.283753813E3,2.275900000E3,0.000000000E0,1.104599991E2,7.315610792E-1,2.700000048E0,1.770000076E1,1.900000000E1
6.843558946E2,1.932369000E1,-9.917897333E1,2.284853827E3,2.277000000E3,4.689119458E-1,2.393800049E2,7.322847493E-1,2.500000000E0,1.539999962E1,2.100000000E1
6.853558946E2,1.932368833E1,-9.917898000E1,2.285853844E3,2.278000000E3,4.539850056E-1,1.913200073E2,7.331785948E-1,2.400000095E0,1.460000038E1,2.100000000E1
6.863558946E2,1.932369000E1,-9.917898833E1,2.286553857E3,2.278700000E3,4.498672187E-1,1.939900055E2,7.337614261E-1,2.400000095E0,1.430000019E1,2.200000000E1
6.873558946E2,1.932368500E1,-9.917898667E1,2.285553865E3,2.277700000E3,4.200133383E-1,2.104799957E2,7.341572589E-1,2.299999952E0,1.430000019E1,2.300000000E1
6.883558946E2,1.932368333E1,-9.917898333E1,2.284653862E3,2.276800000E3,0.000000000E0,2.738900146E2,7.341572589E-1,2.299999952E0,1.510000038E1,2.300000000E1
6.893558946E2,1.932368333E1,-9.917898333E1,2.284553862E3,2.276700000E3,0.000000000E0,3.057399902E2,7.347136818E-1,2.299999952E0,1.589999962E1,2.300000000E1
6.903558946E2,1.932368167E1,-9.917897833E1,2.283853856E3,2.276000000E3,0.000000000E0,3.057399902E2,7.347136818E-1,2.400000095E0,1.710000038E1,2.300000000E1
6.913558946E2,1.932368167E1,-9.917897833E1,2.283853856E3,2.276000000E3,0.000000000E0,3.057399902E2,7.347136818E-1,2.400000095E0,1.839999962E1,2.200000000E1
6.923558946E2,1.932368167E1,-9.917897833E1,2.283853856E3,2.276000000E3,0.000000000E0,3.057399902E2,7.347136818E-1,2.400000095E0,1.760000038E1,2.200000000E1
6.933558946E2,1.932368167E1,-9.917897833E1,2.283853856E3,2.276000000E3,0.000000000E0,3.057399902E2,7.347136818E-1,2.299999952E0,1.739999962E1,2.200000000E1
6.943558946E2,1.932368167E1,-9.917897833E1,2.283853856E3,2.276000000E3,0.000000000E0,3.057399902E2,7.347136818E-1,2.400000095E0,1.789999962E1,2.200000000E1
6.953558946E2,1.932368167E1,-9.917897833E1,2.283853856E3,2.276000000E3,0.000000000E0,3.057399902E2,7.347136818E-1,2.299999952E0,1.870000076E1,2.200000000E1
6.963558946E2,1.932368167E1,-9.917897833E1,2.283853856E3,2.276000000E3,0.000000000E0,2.640899963E2,7.347136818E-1,2.400000095E0,1.610000038E1,2.400000000E1
6.973558946E2,1.932368167E1,-9.917897833E1,2.283853856E3,2.276000000E3,0.000000000E0,2.640899963E2,7.365013727E-1,2.400000095E0,1.660000038E1,2.400000000E1
6.983558946E2,1.932368500E1,-9.917899500E1,2.282553882E3,2.274700000E3,0.000000000E0,2.287400055E2,7.378458994E-1,2.500000000E0,1.729999924E1,2.400000000E1
6.993558946E2,1.932368000E1,-9.917900667E1,2.282353916E3,2.274500000E3,0.000000000E0,2.287400055E2,7.391249715E-1,2.599999905E0,1.820000076E1,2.200000000E1
7.003558946E2,1.932367667E1,-9.917901833E1,2.282453947E3,2.274600000E3,0.000000000E0,2.287400055E2,7.400188170E-1,2.500000000E0,1.889999962E1,2.200000000E1
7.013558946E2,1.932367833E1,-9.917902667E1,2.281953959E3,2.274100000E3,0.000000000E0,2.287400055E2,7.402736304E-1,2.500000000E0,1.850000000E1,2.400000000E1
7.023558946E2,1.932368000E1,-9.917902500E1,2.281953952E3,2.274100000E3,0.000000000E0,2.287400055E2,7.411671969E-1,2.500000000E0,1.829999924E1,2.400000000E1
7.033558946E2,1.932368500E1,-9.917901833E1,2.281653928E3,2.273800000E3,0.000000000E0,2.287400055E2,7.418240425E-1,2.500000000E0,1.750000000E1,2.400000000E1
7.043558946E2,1.932369000E1,-9.917902167E1,2.281253923E3,2.273400000E3,0.000000000E0,2.287400055E2,7.424068738E-1,2.500000000E0,1.720000076E1,2.300000000E1
7.053558946E2,1.932369500E1,-9.917902333E1,2.280353915E3,2.272500000E3,0.000000000E0,2.287400055E2,7.429628484E-1,2.500000000E0,1.620000076E1,2.300000000E1
7.063558946E2,1.932370000E1,-9.917902333E1,2.279753904E3,2.271900000E3,0.000000000E0,2.287400055E2,7.440884664E-1,2.500000000E0,1.629999924E1,2.200000000E1
7.073558946E2,1.932371000E1,-9.917902167E1,2.279553878E3,2.271700000E3,0.000000000E0,2.287400055E2,7.459417151E-1,2.500000000E0,1.650000000E1,2.200000000E1
7.083558946E2,1.932372667E1,-9.917902167E1,2.279653840E3,2.271800000E3,0.000000000E0,2.287400055E2,7.472554062E-1,2.400000095E0,1.710000038E1,2.300000000E1
7.093558946E2,1.932373667E1,-9.917901500E1,2.279553804E3,2.271700000E3,0.000000000E0,2.287400055E2,7.491814882E-1,2.400000095E0,1.750000000E1,2.300000000E1
7.103558946E2,1.932375333E1,-9.917901000E1,2.279353757E3,2.271500000E3,0.000000000E0,8.072000122E1,7.502934375E-1,2.299999952E0,1.739999962E1,2.400000000E1
7.113558946E2,1.932376333E1,-9.917901000E1,2.279153734E3,2.271300000E3,0.000000000E0,8.072000122E1,7.502934375E-1,2.299999952E0,1.760000038E1,2.400000000E1
7.123558946E2,1.932376333E1,-9.917901000E1,2.279153734E3,2.271300000E3,0.000000000E0,8.072000122E1,7.502934375E-1,2.299999952E0,1.770000076E1,2.400000000E1
7.133558946E2,1.932376333E1,-9.917901000E1,2.279153734E3,2.271300000E3,0.000000000E0,8.072000122E1,7.523331111E-1,2.400000095E0,1.710000038E1,2.400000000E1
7.143558946E2,1.932377500E1,-9.917899500E1,2.279653678E3,2.271800000E3,0.000000000E0,8.072000122E1,7.536071779E-1,2.500000000E0,1.729999924E1,2.400000000E1
7.153558946E2,1.932378333E1,-9.917898667E1,2.280253643E3,2.272400000E3,0.000000000E0,8.072000122E1,7.541900092E-1,2.500000000E0,1.729999924E1,2.300000000E1
7.163558946E2,1.932378833E1,-9.917898833E1,2.280653635E3,2.272800000E3,0.000000000E0,8.072000122E1,7.545998455E-1,2.500000000E0,1.770000076E1,2.300000000E1
7.173558946E2,1.932379167E1,-9.917898667E1,2.281153624E3,2.273300000E3,0.000000000E0,8.072000122E1,7.551558201E-1,2.400000095E0,1.779999924E1,2.300000000E1
7.183558946E2,1.932379667E1,-9.917898667E1,2.281853612E3,2.274000000E3,0.000000000E0,8.072000122E1,7.557386514E-1,2.400000095E0,1.820000076E1,2.300000000E1
7.193558946E2,1.932380167E1,-9.917898833E1,2.281953604E3,2.274100000E3,0.000000000E0,8.072000122E1,7.567290912E-1,2.500000000E0,1.860000038E1,2.300000000E1
7.203558946E2,1.932381000E1,-9.917899167E1,2.282153592E3,2.274300000E3,0.000000000E0,8.072000122E1,7.574907404E-1,2.500000000E0,1.920000076E1,2.300000000E1
7.213558946E2,1.932381667E1,-9.917899333E1,2.282253580E3,2.274400000E3,0.000000000E0,8.072000122E1,7.585555847E-1,2.500000000E0,1.939999962E1,2.200000000E1
7.223558946E2,1.932382500E1,-9.917899833E1,2.282453571E3,2.274600000E3,0.000000000E0,8.072000122E1,7.592124301E-1,2.500000000E0,2.210000038E1,2.400000000E1
7.233558946E2,1.932383000E1,-9.917900167E1,2.282353567E3,2.274500000E3,0.000000000E0,8.072000122E1,7.598692755E-1,2.500000000E0,2.239999962E1,2.300000000E1
7.243558946E2,1.932382500E1,-9.917900500E1,2.282453585E3,2.274600000E3,0.000000000E0,8.072000122E1,7.620315535E-1,2.400000095E0,1.989999962E1,2.300000000E1
7.253558946E2,1.932381167E1,-9.917902000E1,2.282753645E3,2.274900000E3,0.000000000E0,8.072000122E1,7.629812874E-1,2.400000095E0,1.989999962E1,2.300000000E1
7.263558946E2,1.932380833E1,-9.917902833E1,2.282653669E3,2.274800000E3,0.000000000E0,8.072000122E1,7.629812874E-1,2.400000095E0,1.979999924E1,2.400000000E1
7.273558946E2,1.932380833E1,-9.917902833E1,2.282653669E3,2.274800000E3,0.000000000E0,8.072000122E1,7.629812874E-1,2.500000000E0,1.800000000E1,2.200000000E1
7.283558946E2,1.932380833E1,-9.917902833E1,2.282653669E3,2.274800000E3,0.000000000E0,8.072000122E1,7.629812874E-1,2.500000000E0,1.850000000E1,2.200000000E1
7.293558946E2,1.932380833E1,-9.917902833E1,2.282653669E3,2.274800000E3,0.000000000E0,8.072000122E1,7.629812874E-1,2.500000000E0,1.820000076E1,2.200000000E1
7.303558946E2,1.932380833E1,-9.917902833E1,2.282653669E3,2.274800000E3,0.000000000E0,8.072000122E1,7.646593942E-1,2.599999905E0,1.889999962E1,2.200000000E1
7.313558946E2,1.932380000E1,-9.917904167E1,2.282853714E3,2.275000000E3,0.000000000E0,8.072000122E1,7.665920281E-1,2.700000048E0,1.960000038E1,2.300000000E1
7.323558946E2,1.932379833E1,-9.917906000E1,2.282753754E3,2.274900000E3,0.000000000E0,8.072000122E1,7.680033237E-1,2.700000048E0,2.010000038E1,2.300000000E1
7.333558946E2,1.932379667E1,-9.917907333E1,2.282753784E3,2.274900000E3,0.000000000E0,8.072000122E1,7.688968898E-1,2.799999952E0,2.050000000E1,2.300000000E1
7.343558946E2,1.932380167E1,-9.917908000E1,2.282553786E3,2.274700000E3,0.000000000E0,8.072000122E1,7.703280316E-1,2.900000095E0,1.939999962E1,2.300000000E1
7.353558946E2,1.932380833E1,-9.917909167E1,2.282453794E3,2.274600000E3,0.000000000E0,8.072000122E1,7.716725574E-1,3.000000000E0,1.910000038E1,2.100000000E1
7.363558946E2,1.932381333E1,-9.917910333E1,2.282453806E3,2.274600000E3,0.000000000E0,8.072000122E1,7.725661234E-1,3.000000000E0,1.929999924E1,2.100000000E1
7.373558946E2,1.932381833E1,-9.917911000E1,2.282353808E3,2.274500000E3,0.000000000E0,8.072000122E1,7.736023285E-1,3.000000000E0,1.920000076E1,2.100000000E1
7.383558946E2,1.932382333E1,-9.917911833E1,2.282253813E3,2.274400000E3,0.000000000E0,8.072000122E1,7.759336536E-1,3.000000000E0,1.920000076E1,2.100000000E1
7.393558946E2,1.932384333E1,-9.917911167E1,2.282153754E3,2.274300000E3,0.000000000E0,8.072000122E1,7.774625335E-1,3.000000000E0,1.900000000E1,2.100000000E1
7.403558946E2,1.932385333E1,-9.917910167E1,2.281753712E3,2.273900000E3,0.000000000E0,8.072000122E1,7.780185082E-1,3.000000000E0,1.939999962E1,1.900000000E1
7.413558946E2,1.932384833E1,-9.917910167E1,2.281353723E3,2.273500000E3,0.000000000E0,8.072000122E1,7.785744828E-1,2.900000095E0,1.970000076E1,1.900000000E1
7.423558946E2,1.932385333E1,-9.917910167E1,2.280853712E3,2.273000000E3,0.000000000E0,8.072000122E1,7.793361320E-1,3.000000000E0,1.929999924E1,1.700000000E1
7.433558946E2,1.932386000E1,-9.917910333E1,2.280353700E3,2.272500000E3,0.000000000E0,8.072000122E1,7.806334061E-1,3.000000000E0,1.970000076E1,1.800000000E1
7.443558946E2,1.932387167E1,-9.917910333E1,2.279853674E3,2.272000000E3,0.000000000E0,8.072000122E1,7.824866549E-1,3.000000000E0,1.939999962E1,1.700000000E1
7.453558946E2,1.932388833E1,-9.917910333E1,2.279353636E3,2.271500000E3,0.000000000E0,8.072000122E1,7.833063274E-1,3.000000000E0,1.870000076E1,1.700000000E1
7.463558946E2,1.932389500E1,-9.917910667E1,2.278953628E3,2.271100000E3,0.000000000E0,8.072000122E1,7.843425321E-1,3.000000000E0,1.950000000E1,1.800000000E1
7.473558946E2,1.932389000E1,-9.917911500E1,2.278453655E3,2.270600000E3,0.000000000E0,8.072000122E1,7.848985067E-1,2.900000095E0,1.960000038E1,1.500000000E1
7.483558946E2,1.932388500E1,-9.917911500E1,2.278153667E3,2.270300000E3,0.000000000E0,8.072000122E1,7.853083430E-1,3.000000000E0,1.960000038E1,1.500000000E1
7.493558946E2,1.932388167E1,-9.917911333E1,2.277853671E3,2.270000000E3,0.000000000E0,8.072000122E1,7.858647653E-1,3.000000000E0,2.000000000E1,1.500000000E1
7.503558946E2,1.932388000E1,-9.917910833E1,2.277553665E3,2.269700000E3,0.000000000E0,8.072000122E1,7.864211876E-1,3.099999905E0,2.010000038E1,1.600000000E1
7.513558946E2,1.932388167E1,-9.917911333E1,2.277353671E3,2.269500000E3,0.000000000E0,8.072000122E1,7.871448570E-1,3.099999905E0,2.060000038E1,1.600000000E1
7.523558946E2,1.932388000E1,-9.917912000E1,2.276853688E3,2.269000000E3,0.000000000E0,8.072000122E1,7.879065062E-1,3.200000048E0,2.100000000E1,1.500000000E1
7.533558946E2,1.932387333E1,-9.917912167E1,2.276253706E3,2.268400000E3,0.000000000E0,8.072000122E1,7.890184554E-1,3.299999952E0,2.139999962E1,1.400000000E1
7.543558946E2,1.932386333E1,-9.917912167E1,2.275753729E3,2.267900000E3,0.000000000E0,8.072000122E1,7.895280820E-1,3.299999952E0,2.120000076E1,1.400000000E1
7.553558946E2,1.932386000E1,-9.917911833E1,2.275253730E3,2.267400000E3,0.000000000E0,8.072000122E1,7.917055510E-1,3.299999952E0,2.079999924E1,1.400000000E1
7.563558946E2,1.932387167E1,-9.917913500E1,2.274953736E3,2.267100000E3,0.000000000E0,8.072000122E1,7.931366924E-1,3.299999952E0,2.089999962E1,1.400000000E1
7.573558946E2,1.932387833E1,-9.917914667E1,2.274553744E3,2.266700000E3,0.000000000E0,8.072000122E1,7.946105554E-1,3.299999952E0,2.050000000E1,1.300000000E1
7.583558946E2,1.932389000E1,-9.917915333E1,2.274253731E3,2.266400000E3,0.000000000E0,8.072000122E1,7.967658128E-1,3.400000095E0,2.079999924E1,1.300000000E1
7.593558946E2,1.932390833E1,-9.917916000E1,2.273853703E3,2.266000000E3,0.000000000E0,8.072000122E1,7.995366395E-1,3.400000095E0,2.029999924E1,1.300000000E1
7.603558946E2,1.932392000E1,-9.917918333E1,2.273453723E3,2.265600000E3,0.000000000E0,8.072000122E1,8.022256896E-1,3.400000095E0,2.029999924E1,1.400000000E1
7.613558946E2,1.932393000E1,-9.917920667E1,2.273153746E3,2.265300000E3,0.000000000E0,8.072000122E1,8.029669891E-1,3.400000095E0,1.970000076E1,1.400000000E1
7.623558946E2,1.932393667E1,-9.917920667E1,2.272853731E3,2.265000000E3,0.000000000E0,8.072000122E1,8.040162943E-1,3.400000095E0,2.000000000E1,1.400000000E1
7.633558946E2,1.932393667E1,-9.917921667E1,2.272753751E3,2.264900000E3,0.000000000E0,8.072000122E1,8.045727164E-1,3.400000095E0,2.029999924E1,1.300000000E1
7.643558946E2,1.932393500E1,-9.917922167E1,2.272653765E3,2.264800000E3,0.000000000E0,8.072000122E1,8.073724836E-1,3.400000095E0,2.050000000E1,1.300000000E1
7.653558946E2,1.932391833E1,-9.917924167E1,2.272353842E3,2.264500000E3,0.000000000E0,8.072000122E1,8.093430195E-1,3.299999952E0,2.050000000E1,1.300000000E1
7.663558946E2,1.932390333E1,-9.917923167E1,2.272253856E3,2.264400000E3,0.000000000E0,8.072000122E1,8.101626920E-1,3.400000095E0,2.070000076E1,1.300000000E1
7.673558946E2,1.932389667E1,-9.917923500E1,2.272153878E3,2.264300000E3,0.000000000E0,8.072000122E1,8.113237194E-1,3.400000095E0,2.100000000E1,1.300000000E1
7.683558946E2,1.932388833E1,-9.917924167E1,2.271953910E3,2.264100000E3,0.000000000E0,8.072000122E1,8.128292146E-1,3.400000095E0,2.000000000E1,1.500000000E1
7.693558946E2,1.932388333E1,-9.917925500E1,2.271653948E3,2.263800000E3,0.000000000E0,8.072000122E1,8.134120458E-1,3.400000095E0,1.979999924E1,1.500000000E1
7.703558946E2,1.932387833E1,-9.917925667E1,2.271553962E3,2.263700000E3,0.000000000E0,8.072000122E1,8.145777084E-1,2.900000095E0,1.970000076E1,1.400000000E1
7.713558946E2,1.932386833E1,-9.917926000E1,2.271153991E3,2.263300000E3,0.000000000E0,8.072000122E1,8.162170534E-1,3.099999905E0,1.810000038E1,1.500000000E1
7.723558946E2,1.932385500E1,-9.917925333E1,2.271054008E3,2.263200000E3,0.000000000E0,8.072000122E1,8.173780809E-1,3.099999905E0,1.829999924E1,1.500000000E1
7.733558946E2,1.932384667E1,-9.917924667E1,2.270954014E3,2.263100000E3,0.000000000E0,8.072000122E1,8.193051971E-1,3.200000048E0,1.879999924E1,1.400000000E1
7.743558946E2,1.932383667E1,-9.917923167E1,2.270554007E3,2.262700000E3,0.000000000E0,8.072000122E1,8.225392207E-1,3.200000048E0,1.979999924E1,1.500000000E1
7.753558946E2,1.932383000E1,-9.917920167E1,2.269953963E3,2.262100000E3,0.000000000E0,8.072000122E1,8.249876010E-1,3.099999905E0,1.939999962E1,1.600000000E1
7.763558946E2,1.932383000E1,-9.917917833E1,2.269853917E3,2.262000000E3,5.378847122E-1,6.202999878E1,8.252424143E-1,3.000000000E0,2.000000000E1,1.600000000E1
7.773558946E2,1.932382833E1,-9.917917667E1,2.269853917E3,2.262000000E3,4.977363944E-1,1.793099976E2,8.262786193E-1,3.000000000E0,2.070000076E1,1.700000000E1
7.783558946E2,1.932382333E1,-9.917916833E1,2.269853912E3,2.262000000E3,4.668530524E-1,6.887999725E1,8.278619495E-1,3.000000000E0,2.200000000E1,1.800000000E1
7.793558946E2,1.932381667E1,-9.917915500E1,2.270353901E3,2.262500000E3,4.730297327E-1,3.604999924E1,8.297945831E-1,2.799999952E0,1.850000000E1,1.900000000E1
7.803558946E2,1.932381833E1,-9.917913667E1,2.270453860E3,2.262600000E3,4.997952878E-1,5.147000122E1,8.316560652E-1,2.900000095E0,1.900000000E1,2.000000000E1
7.813558946E2,1.932380167E1,-9.917913500E1,2.271653895E3,2.263800000E3,0.000000000E0,5.638000107E1,8.330706480E-1,2.700000048E0,1.850000000E1,2.100000000E1
7.823558946E2,1.932379167E1,-9.917912667E1,2.273053901E3,2.265200000E3,0.000000000E0,2.788399963E2,8.344705323E-1,2.599999905E0,2.039999962E1,2.200000000E1
7.833558946E2,1.932378333E1,-9.917911667E1,2.273653900E3,2.265800000E3,3.870711029E-1,2.320599976E2,8.363932237E-1,2.599999905E0,2.000000000E1,2.100000000E1
7.843558946E2,1.932377000E1,-9.917910500E1,2.274953907E3,2.267100000E3,4.421463907E-1,2.481100006E2,8.378670869E-1,2.500000000E0,2.000000000E1,2.200000000E1
7.853558946E2,1.932375833E1,-9.917909833E1,2.276353920E3,2.268500000E3,4.632500112E-1,2.646400146E2,8.388100701E-1,2.500000000E0,2.039999962E1,2.300000000E1
7.863558946E2,1.932375000E1,-9.917909667E1,2.276953936E3,2.269100000E3,4.771474898E-1,2.752600098E2,8.397036363E-1,2.400000095E0,1.950000000E1,2.300000000E1
7.873558946E2,1.932374500E1,-9.917909000E1,2.277753934E3,2.269900000E3,4.725149870E-1,1.914499969E2,8.412680960E-1,2.400000095E0,1.939999962E1,2.300000000E1
7.883558946E2,1.932373333E1,-9.917908167E1,2.279553944E3,2.271700000E3,4.519261122E-1,1.618500061E2,8.427154359E-1,2.299999952E0,1.920000076E1,2.300000000E1
7.893558946E2,1.932373000E1,-9.917906833E1,2.281553925E3,2.273700000E3,0.000000000E0,1.073700027E2,8.433722814E-1,2.299999952E0,1.960000038E1,2.300000000E1
7.903558946E2,1.932372500E1,-9.917906500E1,2.281953930E3,2.274100000E3,0.000000000E0,3.358099976E2,8.447835777E-1,2.299999952E0,1.839999962E1,2.300000000E1
7.913558946E2,1.932372333E1,-9.917905167E1,2.283253907E3,2.275400000E3,0.000000000E0,1.166500015E2,8.447835777E-1,2.200000048E0,1.870000076E1,2.300000000E1
7.923558946E2,1.932372333E1,-9.917905167E1,2.283253907E3,2.275400000E3,0.000000000E0,1.166500015E2,8.447835777E-1,2.200000048E0,1.829999924E1,2.200000000E1
7.933558946E2,1.932372333E1,-9.917905167E1,2.283253907E3,2.275400000E3,0.000000000E0,1.166500015E2,8.447835777E-1,2.200000048E0,1.839999962E1,2.200000000E1
7.943558946E2,1.932372333E1,-9.917905167E1,2.283253907E3,2.275400000E3,0.000000000E0,1.166500015E2,8.447835777E-1,2.200000048E0,1.860000038E1,2.200000000E1
7.953558946E2,1.932372333E1,-9.917905167E1,2.283253907E3,2.275400000E3,0.000000000E0,1.166500015E2,8.498561190E-1,2.200000048E0,1.739999962E1,2.200000000E1
7.963558946E2,1.932374000E1,-9.917900667E1,2.286953780E3,2.279100000E3,3.129511178E-1,5.663000107E1,8.509689645E-1,2.200000048E0,1.800000000E1,2.200000000E1
7.973558946E2,1.932374333E1,-9.917899667E1,2.288153753E3,2.280300000E3,3.556730449E-1,7.376999664E1,8.520051699E-1,2.200000048E0,1.820000076E1,2.200000000E1
7.983558946E2,1.932374833E1,-9.917898833E1,2.288853725E3,2.281000000E3,3.767766654E-1,6.695999908E1,8.526475422E-1,2.200000048E0,1.839999962E1,2.200000000E1
7.993558946E2,1.932375167E1,-9.917898333E1,2.289653708E3,2.281800000E3,0.000000000E0,1.002600021E2,8.539322868E-1,2.099999905E0,1.770000076E1,2.200000000E1
8.003558946E2,1.932375833E1,-9.917897333E1,2.290053673E3,2.282200000E3,0.000000000E0,5.072000122E1,8.546967270E-1,2.099999905E0,1.700000000E1,2.100000000E1
8.013558946E2,1.932376333E1,-9.917896833E1,2.290553652E3,2.282700000E3,0.000000000E0,1.120199966E2,8.546967270E-1,2.200000048E0,1.710000038E1,2.100000000E1
8.023558946E2,1.932376333E1,-9.917896833E1,2.290553652E3,2.282700000E3,0.000000000E0,1.120199966E2,8.546967270E-1,2.200000048E0,1.770000076E1,2.200000000E1
8.033558946E2,1.932376333E1,-9.917896833E1,2.290553652E3,2.282700000E3,0.000000000E0,1.120199966E2,8.546967270E-1,2.200000048E0,1.689999962E1,2.200000000E1
8.043558946E2,1.932376333E1,-9.917896833E1,2.290553652E3,2.282700000E3,0.000000000E0,1.120199966E2,8.546967270E-1,2.200000048E0,1.629999924E1,2.200000000E1
8.053558946E2,1.932376333E1,-9.917896833E1,2.290553652E3,2.282700000E3,0.000000000E0,1.120199966E2,8.546967270E-1,2.200000048E0,1.670000076E1,2.200000000E1
8.063558946E2,1.932376333E1,-9.917896833E1,2.290553652E3,2.282700000E3,0.000000000E0,1.120199966E2,8.546967270E-1,2.200000048E0,1.650000000E1,2.200000000E1
8.073558946E2,1.932376333E1,-9.917896833E1,2.290553652E3,2.282700000E3,0.000000000E0,1.120199966E2,8.546967270E-1,2.200000048E0,1.629999924E1,2.200000000E1
8.083558946E2,1.932376333E1,-9.917896833E1,2.290553652E3,2.282700000E3,0.000000000E0,1.120199966E2,8.546967270E-1,2.099999905E0,1.600000000E1,2.200000000E1
8.093558946E2,1.932376333E1,-9.917896833E1,2.290553652E3,2.282700000E3,0.000000000E0,1.120199966E2,8.546967270E-1,2.099999905E0,1.589999962E1,2.300000000E1
8.103558946E2,1.932376333E1,-9.917896833E1,2.290553652E3,2.282700000E3,0.000000000E0,1.120199966E2,8.546967270E-1,2.099999905E0,1.539999962E1,2.200000000E1
8.113558946E2,1.932376333E1,-9.917896833E1,2.290553652E3,2.282700000E3,0.000000000E0,1.120199966E2,8.546967270E-1,2.099999905E0,1.589999962E1,2.200000000E1
8.123558946E2,1.932376333E1,-9.917896833E1,2.290553652E3,2.282700000E3,0.000000000E0,1.120199966E2,8.624010550E-1,2.099999905E0,1.589999962E1,2.300000000E1
8.133558946E2,1.932383000E1,-9.917898833E1,2.293853540E3,2.286000000E3,3.247897327E-1,3.575599976E2,8.629106817E-1,2.099999905E0,1.530000019E1,2.300000000E1
8.143558946E2,1.932383333E1,-9.917899167E1,2.294353539E3,2.286500000E3,0.000000000E0,3.546600037E2,8.638536649E-1,2.099999905E0,1.569999981E1,2.300000000E1
8.153558946E2,1.932384167E1,-9.917899333E1,2.294853524E3,2.287000000E3,0.000000000E0,2.481999969E1,8.638536649E-1,2.099999905E0,1.589999962E1,2.300000000E1
8.163558946E2,1.932384167E1,-9.917899333E1,2.295353524E3,2.287500000E3,0.000000000E0,1.695000076E1,8.638536649E-1,2.099999905E0,1.589999962E1,2.300000000E1
8.173558946E2,1.932384167E1,-9.917899333E1,2.295353524E3,2.287500000E3,0.000000000E0,1.695000076E1,8.638536649E-1,2.099999905E0,1.569999981E1,2.300000000E1
8.183558946E2,1.932384167E1,-9.917899333E1,2.295353524E3,2.287500000E3,0.000000000E0,1.695000076E1,8.638536649E-1,2.099999905E0,1.580000019E1,2.300000000E1
8.193558946E2,1.932384167E1,-9.917899333E1,2.295353524E3,2.287500000E3,0.000000000E0,1.695000076E1,8.638536649E-1,2.099999905E0,1.610000038E1,2.200000000E1
8.203558946E2,1.932384167E1,-9.917899333E1,2.295353524E3,2.287500000E3,0.000000000E0,1.695000076E1,8.638536649E-1,2.099999905E0,1.650000000E1,2.300000000E1
8.213558946E2,1.932384167E1,-9.917899333E1,2.295353524E3,2.287500000E3,0.000000000E0,1.695000076E1,8.638536649E-1,2.200000048E0,1.670000076E1,2.300000000E1
8.223558946E2,1.932384167E1,-9.917899333E1,2.295353524E3,2.287500000E3,0.000000000E0,1.695000076E1,8.638536649E-1,2.200000048E0,1.670000076E1,2.300000000E1
8.233558946E2,1.932384167E1,-9.917899333E1,2.295353524E3,2.287500000E3,0.000000000E0,1.695000076E1,8.638536649E-1,2.200000048E0,1.670000076E1,2.300000000E1
8.243558946E2,1.932384167E1,-9.917899333E1,2.295353524E3,2.287500000E3,0.000000000E0,1.695000076E1,8.638536649E-1,2.200000048E0,1.700000000E1,2.300000000E1
8.253558946E2,1.932384167E1,-9.917899333E1,2.295353524E3,2.287500000E3,0.000000000E0,2.302799988E2,8.704984413E-1,2.200000048E0,1.729999924E1,2.300000000E1
8.263558946E2,1.932379667E1,-9.917903500E1,2.296353708E3,2.288500000E3,2.578758299E-1,2.581900024E2,8.712221110E-1,2.200000048E0,1.770000076E1,2.300000000E1
8.273558946E2,1.932379833E1,-9.917904167E1,2.296353718E3,2.288500000E3,0.000000000E0,2.741300049E2,8.719457807E-1,2.200000048E0,1.569999981E1,2.300000000E1
8.283558946E2,1.932380000E1,-9.917904833E1,2.296353727E3,2.288500000E3,0.000000000E0,2.830000000E2,8.726694504E-1,2.200000048E0,1.580000019E1,2.300000000E1
8.293558946E2,1.932380167E1,-9.917905500E1,2.296153736E3,2.288300000E3,3.227308393E-1,3.079800110E2,8.728547752E-1,2.299999952E0,1.620000076E1,2.300000000E1
8.303558946E2,1.932380333E1,-9.917905500E1,2.295653733E3,2.287800000E3,0.000000000E0,3.247699890E2,8.732646115E-1,2.200000048E0,1.600000000E1,2.200000000E1
8.313558946E2,1.932380667E1,-9.917905333E1,2.294953722E3,2.287100000E3,0.000000000E0,3.426300049E2,8.743902294E-1,2.200000048E0,1.650000000E1,2.200000000E1
8.323558946E2,1.932381667E1,-9.917905167E1,2.294953696E3,2.287100000E3,0.000000000E0,3.423999939E2,8.750326016E-1,2.200000048E0,1.679999924E1,2.200000000E1
8.333558946E2,1.932382000E1,-9.917904667E1,2.295153678E3,2.287300000E3,4.287635982E-1,1.830000043E0,8.757562712E-1,2.200000048E0,1.660000038E1,2.200000000E1
8.343558946E2,1.932382167E1,-9.917904000E1,2.295153661E3,2.287300000E3,4.364844561E-1,9.670000076E0,8.764799408E-1,2.200000048E0,1.650000000E1,2.100000000E1
8.353558946E2,1.932382333E1,-9.917903333E1,2.295253645E3,2.287400000E3,0.000000000E0,9.310000420E0,8.770363633E-1,2.200000048E0,1.639999962E1,2.100000000E1
8.363558946E2,1.932382167E1,-9.917902833E1,2.295253638E3,2.287400000E3,0.000000000E0,3.452999878E1,8.776932087E-1,2.200000048E0,1.660000038E1,2.300000000E1
8.373558946E2,1.932381667E1,-9.917902500E1,2.295153643E3,2.287300000E3,0.000000000E0,8.677999878E1,NaN,2.200000048E0,1.710000038E1,2.200000000E1
